Symbol,Side,SL,TP,Open Time,Open Price,Close Time,Close Price,PnL,Lots,Gain,Day of the week,Session,RR Ratio,Pips
GBPUSD,SELL,1.26506,1.26176,2025-01-02 13:00,1.26476,2025-01-02 13:00,1.26476,0,1,-0.07%,Tuesday,NY,4.3,12.7
GBPUSD,SELL,1.26376,1.26041,2025-01-03 12:27,1.26334,2025-01-03 12:27,1.26334,-41,1,-0.48%,Wednesday,LND,0,-4.2
GBPUSD,SELL,1.26414,1.26085,2025-01-03 13:27,1.26384,2025-01-03 13:27,1.26384,-38,1,-0.45%,Wednesday,NY,0,-3
GBPUSD,SELL,1.27244,1.26565,2025-01-04 10:39,1.27214,2025-01-04 10:39,1.27214,161,1,1.54%,Thursday,LND,5.37,16.1
GBPUSD,BUY,1.26994,1.27324,2025-01-04 11:35,1.27026,2025-01-04 11:35,1.27026,-20,1,-0.27%,Thursday,LND,0,-2
GBPUSD,BUY,1.26994,1.27324,2025-01-04 11:35,1.27025,2025-01-04 11:35,1.27025,-26,1,-0.33%,Thursday,LND,0,-2.6
GBPUSD,SELL,1.27116,1.26768,2025-01-08 13:12,1.27069,2025-01-08 13:13,1.27069,-47,1,-0.54%,Monday,NY,0,-4.7
GBPUSD,SELL,1.27243,1.26913,2025-01-09 14:22,1.27213,2025-01-09 14:23,1.27213,-47,1,-0.54%,Tuesday,NY,0,-4.7
GBPUSD,SELL,1.27302,1.27024,2025-01-10 12:00,1.27272,2025-01-10 12:01,1.27272,-28,1,-0.35%,Wednesday,LND,0,-2.8
GBPUSD,SELL,1.27289,1.26959,2025-01-10 12:20,1.27259,2025-01-10 12:21,1.27259,-40,1,-0.47%,Wednesday,LND,0,-4
GBPUSD,SELL,1.2725,1.26907,2025-01-15 13:39,1.27209,2025-01-15 13:40,1.2725,-41,1,-0.48%,Monday,NY,0,-4.1
GBPUSD,SELL,1.2725,1.26907,2025-01-15 13:47,1.27226,2025-01-15 13:48,1.2725,-22,1,-0.29%,Monday,NY,0,-2.2
GBPUSD,BUY,1.27179,1.27505,2025-01-15 14:09,1.27208,2025-01-15 14:10,1.27179,-29,1,-0.36%,Monday,NY,0,-2.9
GBPUSD,SELL,1.26691,1.26331,2025-01-16 09:03,1.26661,2025-01-16 09:04,1.26691,222,0.7,2.17%,Tuesday,LND,11,33
GBPUSD,SELL,1.26691,1.26589,2025-01-16 09:03,1.26661,2025-01-16 09:04,1.26691,18,0.3,0.16%,Tuesday,LND,2.4,7.2
GBPUSD,SELL,1.26806,1.26481,2025-01-18 13:10,1.26785,2025-01-18 13:11,1.26806,-21,1,-0.28%,Thursday,NY,0,-2.1
GBPUSD,SELL,1.2675,1.27077,2025-01-19 13:00,1.2678,2025-01-19 13:01,1.2675,-28,1,-0.35%,Friday,LND,0,-2.8
GBPUSD,SELL,1.26795,1.27145,2025-01-19 13:02,1.26815,2025-01-19 13:03,1.26795,-20,1,-0.27%,Friday,LND,0,-2
GBPUSD,BUY,1.26984,1.27314,2025-01-22 09:42,1.27014,2025-01-22 09:43,1.26984,-30,1,-0.37%,Monday,LND,0,-3
GBPUSD,BUY,1.27049,1.27521,2025-01-22 11:32,1.27079,2025-01-22 11:33,1.27049,27,1,0.20%,Monday,LND,0.97,2.9
GBPUSD,SELL,1.27163,1.26537,2025-01-23 13:40,1.27134,2025-01-23 13:41,1.27163,-27,1,-0.34%,Tuesday,NY,0,-2.7
GBPUSD,BUY,1.27088,1.27412,2025-01-23 13:49,1.27113,2025-01-23 13:50,1.27088,-27,1,-0.34%,Tuesday,NY,0,-2.7
GBPUSD,BUY,1.27413,1.27743,2025-01-24 17:46,1.27443,2025-01-24 17:47,1.27413,-10,1,-0.17%,Wednesday,NY,0,-1
GBPUSD,SELL,1.27324,1.27032,2025-01-25 09:55,1.27272,2025-01-25 09:56,1.27324,-50,1,-0.57%,Thursday,LND,0,-5
GBPUSD,SELL,1.27367,1.26814,2025-01-26 11:57,1.27337,2025-01-26 11:58,1.27367,0,1,-0.07%,Friday,LND,0,0
GBPUSD,SELL,1.27071,1.26754,2025-01-26 09:25,1.27036,2025-01-26 09:26,1.27071,-35,1,-0.42%,Friday,LND,0,-3.5
GBPUSD,SELL,1.26267,1.25181,2025-02-05 09:00,1.26237,2025-02-05 09:01,1.26267,-30,2,-0.86%,Monday,LND,0,-3
GBPUSD,BUY,1.25528,1.25834,2025-02-06 09:23,1.25553,2025-02-06 09:24,1.25528,-50,2,-0.64%,Tuesday,LND,0,-2.5
GBPUSD,BUY,1.25482,1.25815,2025-02-06 09:28,1.25507,2025-02-06 09:29,1.25482,-54,2,-0.68%,Tuesday,LND,3.04,-2.7
GBPUSD,BUY,1.26281,1.26605,2025-02-08 09:57,1.26304,2025-02-08 09:58,1.26281,-46,2,-0.60%,Thursday,LND,0,-2.3
GBPUSD,SELL,1.26129,1.25799,2025-02-09 13:30,1.26099,2025-02-09 13:31,1.26129,-168,2,-1.82%,Friday,NY,0,-8.4
GBPUSD,BUY,1.26128,1.26458,2025-02-12 12:20,1.26152,2025-02-12 12:21,1.26128,-16,2,-0.30%,Monday,NY,0,-1.6
GBPUSD,BUY,1.26128,1.26458,2025-02-12 12:20,1.26158,2025-02-12 12:21,1.26128,-68,2,-0.82%,Monday,NY,0,-6.8
GBPUSD,BUY,1.26091,1.26312,2025-02-12 15:33,1.26121,2025-02-12 15:34,1.26312,382,2,3.68%,Monday,NY,6.37,19.1
GBPUSD,SELL,1.26252,1.25923,2025-02-19 09:04,1.26225,2025-02-19 09:05,1.26252,-26,2,-0.40%,Monday,LND,0,-2.6
GBPUSD,SELL,1.26199,1.25866,2025-02-19 09:38,1.26169,2025-02-19 09:39,1.26199,24,2,0.10%,Monday,LND,0,2.4
GBPUSD,BUY,1.26085,1.26247,2025-02-21 10:30,1.26115,2025-02-21 10:31,1.26085,-6,2,-0.20%,Wednesday,LND,0,0
GBPUSD,BUY,1.2668,1.26899,2025-02-23 16:06,1.26712,2025-02-23 16:07,1.2668,-68,2,-0.82%,Friday,NY,0,3.2
GBPUSD,BUY,1.26896,1.27171,2025-02-26 12:33,1.2692,2025-02-26 12:34,1.26896,-24,1.5,-0.35%,Monday,NY,0,-1.6
GBPUSD,SELL,1.26926,1.26596,2025-02-27 08:12,1.26896,2025-02-27 08:13,1.26926,-43.5,1.5,-0.54%,Tuesday,LND,0,-3
GBPUSD,BUY,1.26405,1.27035,2025-02-28 14:06,1.26426,2025-02-28 14:07,1.26405,-46.5,1.5,-0.57%,Wednesday,NY,0,-3
GBPUSD,BUY,1.26405,1.27035,2025-02-28 14:09,1.26435,2025-02-28 14:10,1.26405,-25.5,1.5,-0.36%,Wednesday,NY,0,-2
GBPUSD,BUY,1.26628,1.2714,2025-02-29 10:34,1.26658,2025-02-29 10:35,1.26628,-46.5,1.5,-0.57%,Thursday,LND,0,-3
GBPUSD,BUY,1.26578,1.26915,2025-02-29 10:44,1.26615,2025-02-29 10:45,1.26578,-30,1.5,-0.41%,Thursday,LND,0,-2.5
GBPUSD,BUY,1.26575,1.26905,2025-02-29 10:52,1.26605,2025-02-29 10:53,1.26575,-30,1.5,-0.41%,Thursday,LND,0,-2.5
GBPUSD,SELL,1.27252,1.26922,2025-03-06 10:55,1.27222,2025-03-06 10:56,1.27252,-580,20,-0.72%,Thursday,LND,0,-3
GBPUSD,SELL,1.27249,1.27053,2025-03-06 12:35,1.27219,2025-03-06 12:36,1.27249,-600,20,-0.74%,Thursday,NY,0,-3
GBPUSD,SELL,1.27293,1.26901,2025-03-18 15:24,1.27263,2025-03-18 15:25,1.27293,-28,1,-0.35%,Monday,NY,0,-2.8
GBPUSD,SELL,1.27351,1.27073,2025-03-18 15:57,1.27327,2025-03-18 15:58,1.27351,-48,2,-0.62%,Monday,NY,27.08,-2.4
GBPUSD,SELL,1.27056,1.26728,2025-03-19 14:11,1.27026,2025-03-19 14:12,1.27056,-30,1,-0.37%,Tuesday,NY,0,-3
GBPUSD,SELL,1.27767,1.27444,2025-03-21 09:08,1.27748,2025-03-21 09:09,1.27767,-19.34,1,-0.26%,Thursday,LND,0,-1.9
GBPUSD,BUY,1.2771,1.28059,2025-03-21 10:31,1.2774,2025-03-21 10:32,1.2771,-30,1,-0.37%,Thursday,LND,0,-3
GBPUSD,BUY,1.27381,1.27604,2025-03-21 12:31,1.2741,2025-03-21 12:32,1.27381,-29,1,-0.36%,Thursday,NY,0,-2.9
GBPUSD,BUY,1.27321,1.27624,2025-03-21 12:36,1.27362,2025-03-21 12:37,1.27321,-41,1,-0.48%,Thursday,NY,0,-4.1
GBPUSD,SELL,1.2617,1.25845,2025-03-22 13:38,1.2614,2025-03-22 13:39,1.2617,-30,1,-0.37%,Friday,NY,0,-3
GBPUSD,SELL,1.28427,1.28164,2025-03-11 10:06,1.28406,2025-03-11 10:07,1.28164,-420,20,-0.56%,Monday,LND,0,-21
GBPUSD,SELL,1.28213,1.27445,2025-03-12 06:27,1.28183,2025-03-12 06:28,1.27445,-540,20,-0.68%,Tuesday,Frankfurt,24.6,-27
GBPUSD,BUY,1.27845,1.28231,2025-03-13 09:31,1.2787,2025-03-13 09:32,1.28231,-680,20,-0.82%,Wednesday,LND,0,-34
GBPUSD,SELL,1.2796,1.27377,2025-03-14 13:21,1.2793,2025-03-14 13:22,1.27377,754,2,7.40%,Thursday,NY,18.23,55.3
GBPUSD,BUY,1.27339,1.27669,2025-03-14 15:33,1.27369,2025-03-14 15:34,1.27669,-30,1,-0.37%,Thursday,NY,0,-3
GBPUSD,SELL,1.27571,1.27472,2025-03-15 10:32,1.27541,2025-03-15 10:33,1.27472,-60,2,-0.74%,Friday,LND,2.3,-3
GBPUSD,SELL,1.27495,1.27401,2025-03-15 14:04,1.27465,2025-03-15 14:05,1.27401,0,1,-0.07%,Friday,NY,2.13,0
GBPUSD,BUY,1.26594,1.26971,2025-03-26 10:24,1.26624,2025-03-26 10:25,1.26594,0,1,-0.07%,Tuesday,LND,0,0
GBPUSD,BUY,1.2663,1.26958,2025-03-26 10:35,1.2666,2025-03-26 10:36,1.2663,-60,2,-0.74%,Tuesday,LND,0,-3
GBPUSD,SELL,1.26348,1.26148,2025-03-27 11:00,1.26318,2025-03-27 11:01,1.26148,340,2,3.26%,Wednesday,LND,5.67,17
GBPUSD,BUY,1.25345,1.25435,2025-05-07 09:34,1.25366,2025-05-07 09:35,1.25366,0,20,-0.10%,Tuesday,LND,0,0
GBPUSD,BUY,1.24759,1.24842,2025-05-08 13:47,1.24789,2025-05-08 13:48,1.24789,3,20,-0.04%,Wednesday,NY,0,3
GBPUSD,BUY,1.24747,1.24842,2025-05-08 13:47,1.24777,2025-05-08 13:48,1.24777,3,20,-0.04%,Wednesday,NY,0,3
GBPUSD,SELL,1.24843,1.24737,2025-05-08 14:37,1.24813,2025-05-08 14:38,1.24813,7,20,0.04%,Wednesday,NY,0,7
GBPUSD,SELL,1.25344,1.25277,2025-05-10 08:45,1.25324,2025-05-10 08:46,1.25324,-2,20,-0.50%,Friday,LND,0,-2
GBPUSD,SELL,1.25332,1.25277,2025-05-10 08:50,1.25309,2025-05-10 08:51,1.25309,-2.3,20,-0.56%,Friday,LND,0,-2.3
GBPUSD,SELL,1.25357,1.25248,2025-05-10 08:56,1.25327,2025-05-10 08:57,1.25327,2.2,10,0.17%,Friday,LND,0,2.2
GBPUSD,SELL,1.25603,1.25267,2025-05-14 13:25,1.25573,2025-05-14 13:26,1.25267,6120,20,6.02%,Tuesday,NY,10.2,30.6
GBPUSD,BUY,1.2642,1.26586,2025-05-15 13:30,1.26442,2025-05-15 13:31,1.2642,-440,20,-0.54%,Wednesday,NY,0,-2.2
GBPUSD,BUY,1.26396,1.26586,2025-05-15 14:30,1.26426,2025-05-15 14:31,1.26396,-580,20,-0.68%,Wednesday,NY,0,-2.8
GBPUSD,SELL,1.26482,1.26182,2025-05-15 15:59,1.26456,2025-05-15 16:00,1.26482,-520,20,-0.62%,Wednesday,NY,0,-2.6
GBPUSD,SELL,1.27039,1.26718,2025-05-20 09:55,1.27009,2025-05-20 09:56,1.27039,-600,20,-0.70%,Monday,LND,0,-3
GBPUSD,SELL,1.27018,1.26811,2025-05-20 13:20,1.2699,2025-05-20 13:21,1.27018,-520,20,-0.62%,Monday,NY,0,-2.6
GBPUSD,SELL,1.27011,1.26811,2025-05-20 13:32,1.26985,2025-05-20 13:33,1.27011,-560,20,-0.66%,Monday,NY,0,-2.8
GBPUSD,BUY,1.27159,1.27311,2025-05-21 08:51,1.27185,2025-05-21 08:52,1.27159,-520,20,-0.62%,Tuesday,LND,0,-2.6
GBPUSD,BUY,1.2713,1.27196,2025-05-21 11:38,1.2716,2025-05-21 11:39,1.2713,720,20,0.62%,Tuesday,LND,1.2,3.6
GBPUSD,SELL,1.27333,1.27,2025-05-22 11:09,1.27314,2025-05-22 11:10,1.27,-380,20,-0.48%,Wednesday,LND,0,-17
GBPUSD,SELL,1.27339,1.27,2025-05-22 11:15,1.27316,2025-05-22 11:16,1.27,-460,20,-0.56%,Wednesday,LND,0,-23
GBPUSD,SELL,1.27343,1.27,2025-05-22 12:18,1.27318,2025-05-22 12:19,1.27,2970,20,2.87%,Wednesday,LND,6.73,169
GBPUSD,SELL,1.27343,1.27,2025-05-22 12:18,1.27317,2025-05-22 12:19,1.27,2950,20,2.85%,Wednesday,LND,6.73,169
GBPUSD,SELL,1.27442,1.27213,2025-05-22 15:00,1.27317,2025-05-22 15:01,1.27213,-250,20,-0.35%,Wednesday,NY,0,-25
GBPUSD,SELL,1.27427,1.27213,2025-05-22 15:21,1.27402,2025-05-22 15:22,1.27213,790,20,0.69%,Wednesday,NY,2.96,74
GBPUSD,BUY,1.27322,1.27442,2025-05-23 14:02,1.27352,2025-05-23 14:03,1.27442,1000,20,0.90%,Thursday,NY,3,90
GBPUSD,BUY,1.27022,1.27507,2025-05-24 10:18,1.27052,2025-05-24 10:19,1.27052,260,20,0.16%,Friday,LND,0.86,26
GBPUSD,SELL,1.27113,1.26783,2025-05-24 10:34,1.27088,2025-05-24 10:35,1.26783,-500,20,-0.60%,Friday,LND,0,-25
GBPUSD,SELL,1.27114,1.2679,2025-05-24 10:34,1.27089,2025-05-24 10:35,1.2679,-600,20,-0.70%,Friday,LND,0,-30
GBPUSD,SELL,1.27114,1.26783,2025-05-24 11:03,1.27084,2025-05-24 11:04,1.26783,-500,20,-0.60%,Friday,LND,0,-35
GBPUSD,SELL,1.27114,1.2679,2025-05-24 11:03,1.27089,2025-05-24 11:04,1.2679,-420,20,-0.52%,Friday,LND,0,-21
GBPUSD,SELL,1.27687,1.2692,2025-05-29 09:07,1.27657,2025-05-29 09:08,1.27657,0.5,20,0.00%,Wednesday,LND,0,0.5
GBPUSD,SELL,1.27672,1.26921,2025-05-29 10:40,1.27642,2025-05-29 10:41,1.27642,1.9,20,0.28%,Wednesday,LND,0,1.9
GBPUSD,BUY,1.27091,1.27331,2025-05-30 11:04,1.27116,2025-05-30 11:05,1.27091,-2.1,20,-0.52%,Thursday,LND,0,-2.1
GBPUSD,BUY,1.27087,1.27142,2025-05-30 11:05,1.27112,2025-05-30 11:06,1.27087,-1.6,20,-0.42%,Thursday,LND,0,-1.6
GBPUSD,SELL,1.27311,1.27209,2025-05-30 15:27,1.27281,2025-05-30 15:28,1.27281,-2.7,20,-0.62%,Thursday,NY,0,-2.7
GBPUSD,SELL,1.27324,1.27239,2025-05-30 15:45,1.27294,2025-05-30 15:46,1.27294,-1.2,20,-0.34%,Thursday,NY,0,-1.2
GBPUSD,SELL,1.2733,1.26943,2025-06-03 12:50,1.273,2025-06-03 12:51,1.2733,-440,20,-0.54%,Monday,LND,1.13,-2.2
GBPUSD,SELL,1.27661,1.27583,2025-06-04 13:45,1.27636,2025-06-04 13:46,1.27661,-400,20,-0.50%,Tuesday,NY,1.9,-2
GBPUSD,BUY,1.27581,1.27864,2025-06-04 14:12,1.27606,2025-06-04 14:13,1.27581,160,20,0.06%,Tuesday,NY,10.32,0.8
GBPUSD,SELL,1.27749,1.27558,2025-06-05 10:20,1.27719,2025-06-05 10:21,1.27749,-540,20,-0.64%,Wednesday,LND,0,-2.7
GBPUSD,SELL,1.2793,1.27588,2025-06-05 14:24,1.279,2025-06-05 14:25,1.2793,100,20,0.00%,Wednesday,NY,10.4,0.5
GBPUSD,SELL,1.27936,1.27756,2025-06-06 08:59,1.27906,2025-06-06 09:00,1.27936,1740,20,1.64%,Thursday,LND,5,8.6
GBPUSD,BUY,1.27768,1.27881,2025-06-06 11:18,1.27798,2025-06-06 11:19,1.27768,440,20,0.34%,Thursday,LND,2.77,2.2
GBPUSD,BUY,1.27653,1.27837,2025-06-06 13:07,1.27688,2025-06-06 13:08,1.27653,-700,20,-0.80%,Thursday,NY,0,-3.5
GBPUSD,BUY,1.27695,1.27861,2025-06-06 13:16,1.2772,2025-06-06 13:17,1.27695,2810,20,2.71%,Thursday,NY,5.64,14.1
GBPUSD,BUY,1.27203,1.2739,2025-06-07 15:26,1.27233,2025-06-07 15:27,1.27203,2470,20,2.37%,Friday,NY,5.23,15.7
GBPUSD,BUY,1.27059,1.27104,2025-06-10 10:14,1.27089,2025-06-10 10:15,1.27059,300,20,0.20%,Monday,LND,0.5,1.5
GBPUSD,SELL,1.27174,1.26989,2025-06-10 13:07,1.27149,2025-06-10 13:08,1.27174,-540,20,-0.64%,Monday,NY,0,-2.7
GBPUSD,BUY,1.27091,1.27276,2025-06-10 14:56,1.27121,2025-06-10 14:57,1.27091,-500,20,-0.60%,Monday,NY,0,-2.5
GBPUSD,SELL,1.27283,1.27093,2025-06-11 09:17,1.27259,2025-06-11 09:18,1.27283,-480,20,-0.58%,Tuesday,LND,0,-2.4
GBPUSD,SELL,1.2731,1.27125,2025-06-11 10:34,1.27285,2025-06-11 10:35,1.2731,-520,20,-0.62%,Tuesday,LND,0,-2.6
EUROUSD,BUY,1.07911,1.08232,2025-06-13 14:03,1.07936,2025-06-13 14:04,1.07911,-280,20,-0.38%,Thursday,NY,0,-1.4
GBPUSD,BUY,1.27413,1.27602,2025-06-13 17:41,1.27443,2025-06-13 17:42,1.27413,-560,20,-0.66%,Thursday,NY,0,-2.8
GBPUSD,SELL,1.27471,1.27281,2025-06-13 18:00,1.27441,2025-06-13 18:01,1.27471,-620,20,-0.72%,Thursday,NY,0,-3.1
GBPUSD,BUY,1.26776,1.26705,2025-06-17 09:54,1.26736,2025-06-17 09:55,1.26705,-620,20,-0.72%,Monday,LND,0,-3.1
GBPUSD,BUY,1.26776,1.26705,2025-06-17 10:17,1.26737,2025-06-17 10:18,1.26705,-640,20,-0.74%,Monday,LND,0,-3.2
GBPUSD,SELL,1.26882,1.26692,2025-06-18 13:55,1.26855,2025-06-18 13:56,1.26692,-600,20,-0.70%,Tuesday,NY,0,-3
GBPUSD,BUY,1.26937,1.27127,2025-06-18 15:50,1.26967,2025-06-18 15:51,1.27127,-640,20,-0.74%,Tuesday,NY,0,-3.2
GBPUSD,BUY,1.26858,1.27018,2025-06-18 16:11,1.26888,2025-06-18 16:12,1.27018,-600,20,-0.70%,Tuesday,NY,0,-3
GBPUSD,BUY,1.26844,1.27092,2025-06-18 16:12,1.26874,2025-06-18 16:13,1.27092,2890,20,2.79%,Tuesday,NY,7.27,14.4
GBPUSD,SELL,1.27333,1.27146,2025-06-19 11:04,1.27308,2025-06-19 11:05,1.27146,-500,20,-0.60%,Wednesday,LND,0,-2.5
GBPUSD,BUY,1.2728,1.27381,2025-06-19 11:28,1.2731,2025-06-19 11:29,1.27381,760,20,0.66%,Wednesday,LND,2.37,3.8
GBPUSD,BUY,1.27295,1.27399,2025-06-19 12:38,1.2732,2025-06-19 12:39,1.27399,-380,20,-0.48%,Wednesday,LND,0,-1.9
GBPUSD,BUY,1.273,1.27399,2025-06-19 12:43,1.27325,2025-06-19 12:44,1.27399,-200,20,-0.30%,Wednesday,LND,0,-1
GBPUSD,SELL,1.27354,1.27139,2025-06-19 12:54,1.27324,2025-06-19 12:55,1.27139,-340,20,-0.44%,Wednesday,LND,6.7,-1.7
GBPUSD,SELL,1.26592,1.27077,2025-06-20 10:57,1.27047,2025-06-20 10:58,1.27077,-540,20,-0.64%,Thursday,LND,15.4,-2.7
GBPUSD,SELL,1.27087,1.26592,2025-06-20 11:00,1.27057,2025-06-20 11:01,1.26592,-60,20,-0.16%,Thursday,LND,15.4,-0.3
GBPUSD,SELL,1.26588,1.26347,2025-06-21 09:43,1.26558,2025-06-21 09:44,1.26347,4220,20,4.12%,Friday,LND,7.03,21.1
GBPUSD,SELL,1.266,1.26345,2025-06-21 10:31,1.2657,2025-06-21 10:32,1.26345,4510,20,4.41%,Friday,LND,9.8,22.5
GBPUSD,SELL,1.26597,1.26438,2025-06-24 10:16,1.26597,2025-06-24 10:17,1.26618,-420,20,-0.52%,Monday,LND,0,-2.1
GBPUSD,BUY,1.26597,1.26718,2025-06-24 10:31,1.26627,2025-06-24 10:32,1.26597,-360,20,-0.46%,Monday,LND,0,-1.8
GBPUSD,BUY,1.26583,1.26659,2025-06-24 10:32,1.26613,2025-06-24 10:33,1.26583,765,20,0.67%,Monday,LND,1.53,4.6
GBPUSD,BUY,1.26852,1.27041,2025-06-25 08:15,1.26882,2025-06-25 08:16,1.26852,-775,25,-0.90%,Tuesday,LND,0,-3.1
GBPUSD,BUY,1.26861,1.27051,2025-06-25 08:36,1.26891,2025-06-25 08:37,1.26861,-445,25,-0.57%,Tuesday,LND,0,-2.2
GBPUSD,BUY,1.26859,1.27049,2025-06-25 08:59,1.26889,2025-06-25 09:00,1.26859,2200,20,2.10%,Tuesday,LND,3.67,11
GBPUSD,BUY,1.26853,1.27049,2025-06-25 10:47,1.26883,2025-06-25 10:48,1.26853,2320,20,2.22%,Tuesday,LND,3.87,11.6
GBPUSD,BUY,1.26773,1.26863,2025-06-25 14:46,1.26803,2025-06-25 14:47,1.26773,1240,20,1.14%,Tuesday,NY,2,6
GBPUSD,SELL,1.26703,1.26616,2025-06-26 09:46,1.26673,2025-06-26 09:47,1.26673,0,20,-0.10%,Wednesday,LND,0,0
GBPUSD,BUY,1.26636,1.26741,2025-06-26 10:22,1.26666,2025-06-26 10:23,1.26666,60,20,-0.04%,Wednesday,LND,0,0.1
GBPUSD,SELL,1.26401,1.26125,2025-06-27 10:02,1.26374,2025-06-27 10:03,1.26401,-500,20,-0.60%,Thursday,LND,0,-2.5
GBPUSD,BUY,1.26383,1.2647,2025-06-27 10:40,1.26413,2025-06-27 10:41,1.26383,1140,20,1.04%,Thursday,LND,1.9,5.7
GBPUSD,SELL,1.26658,1.2647,2025-06-27 14:54,1.26633,2025-06-27 14:55,1.26658,-440,20,-0.54%,Thursday,NY,0,-2.2
GBPUSD,SELL,1.26615,1.26464,2025-06-27 15:44,1.26587,2025-06-27 15:45,1.26615,2520,20,2.42%,Thursday,NY,4.39,12.3
GBPUSD,SELL,1.26636,1.26452,2025-06-27 15:39,1.26606,2025-06-27 15:40,1.26636,3080,20,2.98%,Thursday,NY,5.13,15.3
GBPUSD,SELL,1.28054,1.27867,2025-07-09 09:18,1.28027,2025-07-09 09:19,1.28054,-640,20,-0.74%,Tuesday,LND,0,-3.2
GBPUSD,SELL,1.28053,1.27881,2025-07-09 09:27,1.28041,2025-07-09 09:28,1.28053,-240,20,-0.34%,Tuesday,LND,0,-1.2
GBPUSD,SELL,1.28063,1.2788,2025-07-09 09:25,1.28037,2025-07-09 09:26,1.28063,-520,20,-0.62%,Tuesday,LND,0,-2.6
GBPUSD,SELL,1.28058,1.27881,2025-07-09 09:55,1.28035,2025-07-09 09:56,1.28058,-500,20,-0.60%,Tuesday,LND,0,-2.5
GBPUSD,SELL,1.28057,1.27871,2025-07-09 09:54,1.28027,2025-07-09 09:55,1.28057,-700,20,-0.80%,Tuesday,LND,0,-3.5
GBPUSD,SELL,1.27951,1.27769,2025-07-10 09:41,1.27921,2025-07-10 09:42,1.27951,-740,20,-0.84%,Wednesday,LND,0,-3.7
GBPUSD,SELL,1.27959,1.27769,2025-07-10 09:38,1.27929,2025-07-10 09:39,1.27959,-720,20,-0.82%,Wednesday,LND,0,-3.6
GBPUSD,SELL,1.27958,1.27769,2025-07-10 09:38,1.27928,2025-07-10 09:39,1.27958,-640,20,-0.74%,Wednesday,LND,0,-3.2
GBPUSD,SELL,1.27985,1.27769,2025-07-10 09:46,1.27955,2025-07-10 09:47,1.27985,-700,20,-0.80%,Wednesday,LND,0,-3.5
GBPUSD,SELL,1.28102,1.27769,2025-07-10 11:15,1.28072,2025-07-10 11:16,1.28102,-360,20,-0.46%,Wednesday,LND,0,-1.8
GBPUSD,SELL,1.29892,1.29696,2025-07-15 09:37,1.29862,2025-07-15 09:38,1.29862,0,20,0.02%,Monday,LND,5.37,0.6
GBPUSD,BUY,1.29746,1.2993,2025-07-15 12:04,1.29773,2025-07-15 12:05,1.29773,-40,20,-0.14%,Monday,LND,0,-0.2
GBPUSD,BUY,1.29756,1.2994,2025-07-15 12:07,1.29783,2025-07-15 12:08,1.29756,-260,20,-0.36%,Monday,LND,0,-1.3
GBPUSD,BUY,1.29707,1.29891,2025-07-15 17:35,1.29737,2025-07-15 17:36,1.29707,-500,20,-0.60%,Monday,NY,5.33,-2.5
GBPUSD,SELL,1.29668,1.29545,2025-07-16 10:22,1.29641,2025-07-16 10:23,1.29641,-40,20,-0.14%,Tuesday,LND,2.3,-0.2
GBPUSD,SELL,1.3034,1.30156,2025-07-17 13:43,1.30313,2025-07-17 13:44,1.30313,-660,20,-0.76%,Wednesday,NY,0,-3.3
GBPUSD,SELL,1.30337,1.30018,2025-07-17 14:00,1.3031,2025-07-17 14:01,1.3031,-640,20,-0.74%,Wednesday,NY,0,-3.2
GBPUSD,BUY,1.29234,1.29431,2025-07-22 09:18,1.29264,2025-07-22 09:19,1.29234,-34,1,-0.04%,Monday,LND,5,-3.4
GBPUSD,SELL,1.2919,1.2886,2025-07-23 09:18,1.2916,2025-07-23 09:19,1.2919,35,1,0.03%,Tuesday,LND,0,-3.5
GBPUSD,BUY,1.29081,1.29304,2025-07-23 14:51,1.29111,2025-07-23 14:52,1.29081,-28,2,-0.04%,Tuesday,NY,0,-1.4
GBPUSD,BUY,1.2912,1.29304,2025-07-23 15:12,1.2914,2025-07-23 15:13,1.2912,-220,10,-0.27%,Tuesday,NY,0,-2.2
GBPUSD,BUY,1.29081,1.29304,2025-07-23 14:59,1.29111,2025-07-23 15:00,1.29111,0,10,-0.05%,Tuesday,NY,0,0
GBPUSD,BUY,1.27633,1.2773,2025-08-12 10:43,1.27663,2025-08-12 10:44,1.27633,-60,20,-0.16%,Monday,LND,2.23,-0.3
GBPUSD,BUY,1.27634,1.27815,2025-08-12 09:24,1.27664,2025-08-12 09:25,1.27634,-500,20,-0.60%,Monday,LND,0,-2.5
GBPUSD,BUY,1.27585,1.27649,2025-08-12 11:58,1.27615,2025-08-12 11:59,1.27585,-440,20,-0.54%,Monday,LND,1.13,-1.2
GBPUSD,BUY,1.27579,1.27939,2025-08-12 12:17,1.27609,2025-08-12 12:18,1.27579,-300,20,-0.40%,Monday,LND,11,-1.5
GBPUSD,SELL,1.28052,1.27805,2025-08-13 10:37,1.28022,2025-08-13 10:38,1.27805,4283,20,4.18%,Tuesday,LND,7.23,21.7
GBPUSD,BUY,1.28417,1.286,2025-08-14 08:53,1.28447,2025-08-14 08:54,1.28417,-600,20,-0.70%,Wednesday,LND,0,-3
GBPUSD,BUY,1.28369,1.28547,2025-08-14 08:58,1.28399,2025-08-14 08:59,1.28369,-420,20,-0.52%,Wednesday,LND,0,-2.1
GBPUSD,BUY,1.2829,1.28488,2025-08-14 09:08,1.2832,2025-08-14 09:09,1.2829,-440,20,-0.54%,Wednesday,LND,0,-2.2
GBPUSD,SELL,1.28391,1.28201,2025-08-14 09:42,1.28361,2025-08-14 09:43,1.28391,-460,20,-0.56%,Wednesday,LND,0,-2.3
GBPUSD,SELL,1.28387,1.28201,2025-08-14 09:44,1.28362,2025-08-14 09:45,1.28387,-540,20,-0.64%,Wednesday,LND,0,-2.7
GBPUSD,BUY,1.28255,1.28445,2025-08-14 10:05,1.28419,2025-08-14 10:06,1.28255,-400,20,-0.50%,Wednesday,LND,3.93,-2
GBPUSD,SELL,1.28532,1.28342,2025-08-15 10:41,1.28502,2025-08-15 10:42,1.28532,-580,20,-0.68%,Thursday,LND,0,-2.9
GBPUSD,BUY,1.28512,1.28703,2025-08-15 11:00,1.28542,2025-08-15 11:01,1.28512,-20,20,-0.12%,Thursday,LND,5,-0.1
EURUSD,SELL,1.10128,,2025-08-15 10:46,1.10098,2025-08-15 10:47,1.10128,-40,20,-0.14%,Thursday,LND,0,-0.4
GBPUSD,SELL,1.28783,1.28599,2025-08-16 07:57,1.28753,2025-08-16 07:58,1.28783,-240,20,-0.34%,Friday,LND,0,-1.2
EURUSD,SELL,1.09845,1.09655,2025-08-16 07:57,1.09815,2025-08-16 07:58,1.09845,-620,20,-0.72%,Friday,LND,0,-3.1
GBPUSD,SELL,1.28816,1.28625,2025-08-16 08:03,1.28786,2025-08-16 08:04,1.28816,-160,20,-0.26%,Friday,LND,0,-0.8
GBPUSD,SELL,1.28832,1.28703,2025-08-16 08:04,1.28809,2025-08-16 08:05,1.28832,-20,20,-0.12%,Friday,LND,4.61,-0.1
EURUSD,SELL,1.09866,1.09766,2025-08-16 08:03,1.0984,2025-08-16 08:04,1.09866,100,20,0.00%,Friday,LND,2.83,0
EURUSD,SELL,1.09866,1.09766,2025-08-16 07:51,1.09836,2025-08-16 07:52,1.09866,-40,20,-0.14%,Friday,LND,2.33,-0.2
GBPUSD,SELL,1.31999,1.31745,2025-08-26 10:30,1.31969,2025-08-26 10:31,1.31999,-540,20,-0.64%,Monday,LND,4.23,-2.7
EUROUSD,SELL,1.11714,1.11586,2025-08-27 15:39,1.11684,2025-08-27 15:40,1.11684,0,20,-0.10%,Tuesday,NY,3.27,0
EUROUSD,SELL,1.11703,1.11513,2025-08-27 15:42,1.11673,2025-08-27 15:43,1.11703,-700,20,-0.80%,Tuesday,NY,0,-3.5
EUROUSD,SELL,1.11702,1.11513,2025-08-27 15:42,1.11672,2025-08-27 15:43,1.11702,-740,20,-0.84%,Tuesday,NY,0,-3.7
GBPUSD,SELL,1.32409,1.32232,2025-08-27 15:49,1.32379,2025-08-27 15:50,1.32409,-380,20,-0.48%,Tuesday,NY,4.9,-1.9
GBPUSD,BUY,1.32331,1.32714,2025-08-28 10:30,1.32366,2025-08-28 10:31,1.32331,-720,20,-0.82%,Wednesday,LND,0,-3.6
GBPUSD,BUY,1.31821,1.32011,2025-08-30 10:31,1.31851,2025-08-30 10:32,1.31821,-320,20,-0.42%,Friday,LND,0,-1.6
GBPUSD,SELL,1.29649,1.29564,2025-08-19 08:24,1.29619,2025-08-19 08:25,1.29649,-480,20,-0.58%,Monday,LND,1.83,-2.4
GBPUSD,SELL,1.29505,1.29433,2025-08-19 14:15,1.29475,2025-08-19 14:16,1.29505,-100,20,-0.20%,Monday,NY,1.4,-0.5
GBPUSD,SELL,1.29513,1.29433,2025-08-19 14:20,1.29483,2025-08-19 14:21,1.29513,-740,20,-0.84%,Monday,NY,1.67,-3.7
GBPUSD,SELL,1.30279,1.30234,2025-08-21 10:21,1.30249,2025-08-21 10:22,1.30279,-780,20,-0.88%,Wednesday,LND,0,-3.9
GBPUSD,SELL,1.30294,1.30104,2025-08-21 10:27,1.30264,2025-08-21 10:28,1.30294,-480,20,-0.58%,Wednesday,LND,0,-2.4
GBPUSD,SELL,1.30299,1.30206,2025-08-21 10:25,1.30269,2025-08-21 10:26,1.30299,-500,20,-0.60%,Wednesday,LND,1.94,-2.5
GBPUSD,SELL,1.30293,1.30206,2025-08-21 10:36,1.30263,2025-08-21 10:37,1.30293,-520,20,-0.62%,Wednesday,LND,1.87,-2.6
GBPUSD,SELL,1.30292,1.30206,2025-08-21 10:36,1.30262,2025-08-21 10:37,1.30292,-540,20,-0.64%,Wednesday,LND,1.87,-2.7
GBPUSD,SELL,1.3123,1.3104,2025-08-23 08:56,1.312,2025-08-23 08:57,1.3123,-680,20,-0.78%,Friday,LND,0,-3.4
GBPUSD,SELL,1.31233,1.30764,2025-08-23 08:55,1.31192,2025-08-23 08:56,1.31233,-800,20,-0.90%,Friday,LND,0,-4
GBPUSD,BUY,1.3117,1.31316,2025-08-23 09:38,1.312,2025-08-23 09:39,1.3117,2320,20,2.22%,Friday,LND,3.87,11.6
GBPUSD,SELL,1.3125,1.31066,2025-08-23 12:26,1.3122,2025-08-23 12:27,1.3125,-480,20,-0.58%,Friday,LND,0,-2.4
GBPUSD,SELL,1.31264,1.31084,2025-08-23 12:27,1.31237,2025-08-23 12:28,1.31264,-640,20,-0.74%,Friday,LND,0,-3.2
GBPUSD,BUY,1.31366,1.31556,2025-09-02 15:28,1.31396,2025-09-02 15:29,1.31366,-720,20,-0.82%,Monday,NY,5.33,-3.6
GBPUSD,BUY,1.31099,1.31555,2025-09-04 13:40,1.31129,2025-09-04 13:41,1.31555,4886,20,4.79%,Wednesday,NY,8.13,24.4
GBPUSD,SELL,1.31749,1.31661,2025-09-06 11:08,1.31723,2025-09-06 11:09,1.31749,-520,20,-0.62%,Friday,LND,0,-2.6
GBPUSD,BUY,1.30918,1.31008,2025-09-09 14:33,1.30918,2025-09-09 14:34,1.30889,-480,20,-0.58%,Monday,NY,0,-2.4
GBPUSD,BUY,1.30826,1.31166,2025-09-11 10:59,1.30866,2025-09-11 11:00,1.30826,-660,20,-0.76%,Wednesday,LND,0,-3.3
GBPUSD,BUY,1.30407,1.30597,2025-09-12 13:16,1.30437,2025-09-12 13:17,1.30407,-600,20,-0.70%,Thursday,NY,0,-3
GBPUSD,SELL,1.32264,1.31634,2025-09-17 10:37,1.32234,2025-09-17 10:37,1.32234,0,20,-0.10%,Tuesday,LND,0,0
GBPUSD,BUY,1.32174,1.32355,2025-09-17 11:24,1.32201,2025-09-17 11:24,1.32201,-2.7,20,-0.64%,Tuesday,LND,0,-2.7
GBPUSD,SELL,1.32577,1.32387,2025-09-19 09:26,1.32547,2025-09-19 09:26,1.32547,-3,20,-0.70%,Thursday,LND,0,-3
GBPUSD,BUY,1.32964,1.33149,2025-09-20 10:32,1.32994,2025-09-20 10:32,1.32994,-2.6,20,-0.62%,Friday,LND,0,-2.6
GBPUSD,BUY,1.33487,1.3368,2025-09-24 09:02,1.33517,2025-09-24 09:02,1.33517,16.3,20,3.16%,Tuesday,LND,5.43,16.3
GBPUSD,BUY,1.33769,1.33955,2025-09-25 09:43,1.33805,2025-09-25 09:43,1.33805,-3.6,40,-1.64%,Wednesday,LND,0,-3.6
GBPUSD,BUY,1.33769,1.33949,2025-09-25 09:55,1.33796,2025-09-25 09:55,1.33796,-2.7,20,-0.64%,Wednesday,LND,0,-2.7
GBPUSD,BUY,1.3377,1.33949,2025-09-25 10:09,1.33796,2025-09-25 10:09,1.33796,-2.6,20,-0.62%,Wednesday,LND,0,-2.6
GBPUSD,BUY,1.33705,1.33807,2025-09-27 09:43,1.33735,2025-09-27 09:43,1.33735,-3,20,-0.70%,Friday,LND,0,-3
GBPUSD,BUY,1.33684,1.33834,2025-09-27 09:45,1.33711,2025-09-27 09:45,1.33711,-2.5,20,-0.60%,Friday,LND,0,-2.5
GBPUSD,BUY,1.33684,1.33927,2025-09-27 09:47,1.33714,2025-09-27 09:47,1.33714,21.3,20,4.16%,Friday,LND,7.1,21.3
GBPUSD,BUY,1.33694,1.34276,2025-09-27 09:55,1.33724,2025-09-27 09:55,1.33724,20.87,20,4.02%,Friday,LND,6.87,20.87
GBPUSD,SELL,1.33498,1.33308,2025-10-01 08:45,1.33468,2025-10-01 08:45,1.33468,0,20,-0.10%,Tuesday,LND,36,0
GBPUSD,SELL,1.33498,1.33308,2025-10-01 08:45,1.33468,2025-10-01 08:45,1.33468,-0.1,20,-0.14%,Tuesday,LND,36,-0.1
GBPUSD,BUY,1.3284,1.3305,2025-10-02 09:03,1.3287,2025-10-02 09:03,1.3287,-3,20,-0.70%,Wednesday,LND,6,-3
GBPUSD,BUY,1.3284,1.3305,2025-10-02 09:03,1.3287,2025-10-02 09:03,1.3287,-3.1,20,-0.72%,Wednesday,LND,6,-3.1
GBPUSD,BUY,1.32837,1.3305,2025-10-02 09:03,1.32867,2025-10-02 09:03,1.32867,-3,20,-0.70%,Wednesday,LND,6,-3
GBPUSD,BUY,1.32924,1.33114,2025-10-02 10:02,1.32954,2025-10-02 10:02,1.32954,-3,20,-0.70%,Wednesday,LND,0,-3
GBPUSD,BUY,1.32924,1.33114,2025-10-02 10:02,1.32954,2025-10-02 10:02,1.32954,-3.1,20,-0.72%,Wednesday,LND,0,-3.1
GBPUSD,BUY,1.32876,1.33051,2025-10-02 10:12,1.32904,2025-10-02 10:12,1.32904,-2,20,-0.50%,Wednesday,LND,0,-2
GBPUSD,BUY,1.32876,1.33051,2025-10-02 10:12,1.32904,2025-10-02 10:12,1.32904,-1.9,20,-0.48%,Wednesday,LND,0,-1.9
GBPUSD,BUY,1.32876,1.33051,2025-10-02 10:15,1.32904,2025-10-02 10:15,1.32904,-2.6,20,-0.62%,Wednesday,LND,0,-2.6
GBPUSD,BUY,1.31132,1.31263,2025-10-03 14:22,1.31162,2025-10-03 14:22,1.31162,0,20,-0.10%,Thursday,NY,3.37,0
GBPUSD,BUY,1.31132,1.31263,2025-10-03 14:22,1.31162,2025-10-03 14:22,1.31162,-0.2,20,-0.16%,Thursday,NY,3.37,-0.2
GBPUSD,BUY,1.30828,1.30758,2025-10-09 10:32,1.30798,2025-10-09 10:33,1.30828,600,20,0.50%,Wednesday,LND,1.33,-3
GBPUSD,BUY,1.30828,1.30758,2025-10-09 10:32,1.30798,2025-10-09 10:33,1.30828,620,20,0.52%,Wednesday,LND,1.33,-3.1
GBPUSD,SELL,1.30817,1.30632,2025-10-09 10:40,1.30787,2025-10-09 10:41,1.30817,-600,20,-0.70%,Wednesday,LND,0,-3
GBPUSD,SELL,1.30817,1.30632,2025-10-09 10:40,1.30787,2025-10-09 10:41,1.30817,-620,20,-0.72%,Wednesday,LND,0,-3.1
GBPUSD,SELL,1.30826,1.30636,2025-10-09 10:41,1.30805,2025-10-09 10:42,1.30826,-420,20,-0.52%,Wednesday,LND,0,-2.1
GBPUSD,SELL,1.29876,1.29686,2025-10-17 09:00,1.29846,2025-10-17 09:00,1.29876,-300,20,-0.70%,Thursday,LND,0,-3
GBPUSD,SELL,1.29876,1.29686,2025-10-17 09:00,1.29846,2025-10-17 09:00,1.29876,-290,20,-0.68%,Thursday,LND,0,-2.9
GBPUSD,SELL,1.30637,1.30484,2025-10-18 08:18,1.30607,2025-10-18 08:18,1.30637,1230,20,2.36%,Friday,LND,4.1,12.3
GBPUSD,SELL,1.30637,1.30484,2025-10-18 08:18,1.30607,2025-10-18 08:18,1.30637,1230,20,2.30%,Friday,LND,4.1,12.3
GBPUSD,SELL,1.30637,1.30373,2025-10-18 08:18,1.30607,2025-10-18 08:18,1.30637,2340,20,4.58%,Friday,LND,7.8,23.4
GBPUSD,SELL,1.30626,1.30486,2025-10-18 08:33,1.30596,2025-10-18 08:33,1.30626,1100,20,2.10%,Friday,LND,3.67,11
GBPUSD,SELL,1.30626,1.30375,2025-10-18 08:33,1.30596,2025-10-18 08:33,1.30626,2210,20,4.30%,Friday,LND,7.37,22.1
GBPUSD,BUY,1.30075,1.30265,2025-10-22 08:48,1.30105,2025-10-22 08:48,1.30075,-600,20,-0.70%,Tuesday,LND,0,-3
GBPUSD,BUY,1.30064,1.30254,2025-10-22 08:59,1.30094,2025-10-22 08:59,1.30064,-580,20,-0.68%,Tuesday,LND,0,2.9
GBPUSD,BUY,1.30064,1.30254,2025-10-22 08:59,1.30094,2025-10-22 08:59,1.30064,-600,20,-0.70%,Tuesday,LND,0,-3
GBPUSD,SELL,1.29621,1.29422,2025-10-24 10:07,1.29581,2025-10-24 10:07,1.29621,-800,20,-0.90%,Thursday,LND,0,-4
GBPUSD,SELL,1.29621,1.29422,2025-10-24 10:07,1.29581,2025-10-24 10:07,1.29621,-880,20,-0.98%,Thursday,LND,0,-4.4
GBPUSD,SELL,1.29621,1.29422,2025-10-24 10:07,1.29581,2025-10-24 10:07,1.29621,-860,20,-0.96%,Thursday,LND,0,-4.4
GBPUSD,BUY,1.29727,1.29825,2025-10-25 09:38,1.29757,2025-10-25 09:38,1.29727,-620,20,-0.72%,Friday,LND,0,-3.1
GBPUSD,BUY,1.29727,1.29825,2025-10-25 09:38,1.29757,2025-10-25 09:38,1.29727,-600,20,-0.70%,Friday,LND,0,-3
GBPUSD,BUY,1.29719,1.29969,2025-10-25 09:42,1.29749,2025-10-25 09:42,1.29719,-100,20,-0.20%,Friday,LND,7.33,-0.5
GBPUSD,BUY,1.29728,1.29969,2025-10-25 09:39,1.29758,2025-10-25 09:39,1.29728,-340,20,-0.44%,Friday,LND,7.03,-1.7
GBPUSD,BUY,1.29727,1.29825,2025-10-25 09:38,1.29757,2025-10-25 09:38,1.29727,-540,20,-0.64%,Friday,LND,0,-2.6
GBPUSD,BUY,1.29719,1.29969,2025-10-25 09:42,1.29749,2025-10-25 09:42,1.29719,-160,20,-0.26%,Friday,LND,7.33,-0.8
GBPUSD,BUY,1.29719,1.29969,2025-10-25 09:42,1.29749,2025-10-25 09:42,1.29719,-140,20,-0.24%,Friday,LND,7.33,-0.7
GBPUSD,BUY,1.29728,1.29969,2025-10-25 09:39,1.29758,2025-10-25 09:39,1.29728,-380,20,-0.48%,Friday,LND,7.03,-1.9
GBPUSD,BUY,1.2982,1.3001,2025-10-29 09:34,1.2985,2025-10-29 09:34,1.2982,-480,20,-0.58%,Tuesday,LND,0,-2.4
GBPUSD,BUY,1.29826,1.30016,2025-10-29 09:34,1.29856,2025-10-29 09:34,1.29826,-600,20,-0.70%,Tuesday,LND,0,-3
GBPUSD,BUY,1.29678,1.2986,2025-10-30 12:29,1.29708,2025-10-30 12:29,1.29678,-460,20,-0.56%,Wednesday,LND,0,-2.3
GBPUSD,BUY,1.29678,1.2986,2025-10-30 12:29,1.29708,2025-10-30 12:29,1.29678,-480,20,-0.58%,Wednesday,LND,0,-2.4
GBPUSD,BUY,1.29694,1.29884,2025-10-30 12:37,1.29724,2025-10-30 12:37,1.29694,-900,20,-1.00%,Wednesday,LND,0,-4.5
GBPUSD,BUY,1.29694,1.29884,2025-10-30 12:37,1.29724,2025-10-30 12:37,1.29694,-920,20,-1.02%,Wednesday,LND,0,-4.6
GBPUSD,BUY,1.29693,1.29883,2025-10-30 13:37,1.29723,2025-10-30 13:37,1.29693,-860,20,-0.96%,Wednesday,LND,0,-4.3
GBPUSD,BUY,1.29693,1.29883,2025-10-30 14:37,1.29723,2025-10-30 14:37,1.29693,-860,20,-0.96%,Wednesday,LND,0,-4.3
GBPUSD,BUY,1.2964,1.2991,2025-11-04 14:02,1.2967,2025-11-04 14:03,1.2964,-320,20,-0.42%,Monday,NY,0,-1.6
GBPUSD,BUY,1.29648,1.29849,2025-11-04 14:02,1.29678,2025-11-04 14:03,1.29648,-480,20,-0.58%,Monday,NY,0,-2.4
GBPUSD,SELL,1.29613,1.29488,2025-11-08 10:52,1.29583,2025-11-08 10:53,1.29613,0,20,-0.10%,Friday,LND,0,0
GBPUSD,SELL,1.27475,1.27312,2025-11-13 10:23,1.27445,2025-11-13 10:23,1.27475,-600,20,-0.70%,Wednesday,LND,0,-3
GBPUSD,SELL,1.27479,1.27293,2025-11-13 10:27,1.2746,2025-11-13 10:27,1.27479,-140,20,-0.24%,Wednesday,LND,0,-0.7
GBPUSD,SELL,1.26734,1.26488,2025-11-15 10:27,1.26704,2025-11-15 10:27,1.26734,480,20,0.38%,Friday,LND,7.2,2.4
GBPUSD,BUY,1.26478,1.26668,2025-11-28 08:48,1.26508,2025-11-28 08:48,1.26478,-460,20,-0.56%,Thursday,LND,0,-2.3
GBPUSD,BUY,1.26467,1.26824,2025-11-28 08:48,1.26497,2025-11-28 08:48,1.26467,-240,20,-0.34%,Thursday,LND,0,-1.2
GBPUSD,SELL,1.2711,1.26916,2025-11-29 09:21,1.27093,2025-11-29 09:21,1.2711,-340,20,-0.44%,Friday,LND,21,-1.7
EUROUSD,SELL,1.05801,1.05608,2025-11-29 09:21,1.05771,2025-11-29 09:21,1.05608,3260,20,3.16%,Friday,LND,5.43,16.3
GBPUSD,SELL,1.27115,1.26931,2025-11-29 09:21,1.27085,2025-11-29 09:21,1.26931,3080,20,2.98%,Friday,LND,5.13,15.4
GBPUSD,SELL,1.27116,1.26931,2025-11-29 09:21,1.27086,2025-11-29 09:21,1.26931,3100,20,3.00%,Friday,LND,5.34,15.5
EUROUSD,SELL,1.05154,1.04964,2025-12-02 09:31,1.05124,2025-12-02 09:31,1.05124,-500,20,-0.60%,Monday,LND,0,-2.5
GBPUSD,SELL,1.27061,1.26716,2025-12-02 09:31,1.27031,2025-12-02 09:31,1.27031,-600,20,-0.70%,Monday,LND,0,-3
EUROUSD,SELL,1.05158,1.04968,2025-12-02 09:50,1.05128,2025-12-02 09:50,1.05128,0,20,-0.10%,Monday,LND,0,0
EUROUSD,SELL,1.0527,1.05084,2025-12-03 08:55,1.0524,2025-12-03 08:55,1.0524,-560,20,-0.66%,Tuesday,LND,0,-2.6
GBPUSD,SELL,1.26876,1.26698,2025-12-03 08:55,1.26848,2025-12-03 08:55,1.26848,-280,20,-0.38%,Tuesday,LND,0,-1.4
GBPUSD,SELL,1.27359,1.27171,2025-12-05 08:51,1.27329,2025-12-05 08:51,1.27329,2900,20,2.80%,Thursday,LND,4.83,14.5
GBPUSD,SELL,1.27361,1.27167,2025-12-05 08:50,1.27331,2025-12-05 08:50,1.27331,2880,20,2.78%,Thursday,LND,4.8,14.4
EUROUSD,SELL,1.05407,1.05243,2025-12-05 08:51,1.05377,2025-12-05 08:51,1.05377,2680,20,2.58%,Thursday,LND,4.47,13.4
GBPUSD,SELL,1.27701,1.27518,2025-12-06 08:32,1.27673,2025-12-06 08:32,1.27673,3100,20,3.00%,Friday,LND,5.33,15.5
GBPUSD,SELL,1.27701,1.27518,2025-12-06 08:32,1.27678,2025-12-06 08:32,1.27678,3200,20,3.10%,Friday,LND,5.17,16
GBPUSD,SELL,1.26528,1.26472,2025-12-13 11:41,1.26503,2025-12-13 11:42,1.26528,-500,20,-0.60%,Friday,LND,1.03,-2.5
GBPUSD,SELL,1.26612,1.26515,2025-12-13 13:30,1.26587,2025-12-13 13:31,1.26612,-460,20,-0.56%,Friday,NY,2.88,-2.3
GBPUSD,SELL,1.26606,1.26515,2025-12-13 13:39,1.26581,2025-12-13 13:40,1.26606,-500,20,-0.60%,Friday,NY,0,-2.5
EUROUSD,SELL,1.05091,1.04835,2025-12-16 09:58,1.05061,2025-12-16 09:59,1.05061,0,20,-0.10%,Monday,LND,0,20
GBPUSD,SELL,1.26593,1.26501,2025-12-16 10:11,1.26563,2025-12-16 10:12,1.26501,620,20,1.14%,Monday,LND,2.07,20
GBPUSD,BUY,1.26481,1.26662,2025-12-16 10:23,1.26511,2025-12-16 10:24,1.26481,-220,20,-0.32%,Monday,LND,0,20
GBPUSD,SELL,1.26524,1.26445,2025-12-16 10:28,1.26499,2025-12-16 10:29,1.26499,-580,20,-0.68%,Monday,LND,0,20
EUROUSD,SELL,1.05038,1.04919,2025-12-16 10:28,1.05008,2025-12-16 10:29,1.04919,1760,20,1.66%,Monday,LND,2.97,20
GBPUSD,SELL,1.26526,1.2644,2025-12-16 10:31,1.26496,2025-12-16 10:32,1.26496,-5,5,-0.03%,Monday,LND,0,5
GBPUSD,SELL,1.26948,1.26757,2025-12-17 08:22,1.26917,2025-12-17 08:22,1.26757,-620,20,-0.72%,Tuesday,LND,0,-3.1
GBPUSD,SELL,1.26944,1.26827,2025-12-17 08:24,1.26914,2025-12-17 08:24,1.26827,-40,20,-0.14%,Tuesday,LND,2.9,-0.2
GBPUSD,SELL,1.2691,1.26724,2025-12-17 09:27,1.26884,2025-12-17 09:27,1.26724,-500,20,-0.60%,Tuesday,LND,0,-2.5
GBPUSD,SELL,1.2692,1.26743,2025-12-17 09:28,1.26895,2025-12-17 09:28,1.26743,-480,20,-0.58%,Tuesday,LND,0,-2.4
GBPUSD,SELL,1.26917,1.2676,2025-12-17 09:31,1.26892,2025-12-17 09:31,1.2676,-500,20,-0.60%,Tuesday,LND,0,-2.5
GBPUSD,BUY,1.26813,1.27001,2025-12-18 08:22,1.26843,2025-12-18 08:22,1.27001,-480,20,-0.58%,Wednesday,LND,0,-2.4
GBPUSD,BUY,1.26828,1.26898,2025-12-18 08:32,1.26858,2025-12-18 08:32,1.26898,0,20,-0.10%,Wednesday,LND,1.33,0
GBPUSD,BUY,1.2684,1.2703,2025-12-18 09:17,1.26879,2025-12-18 09:17,1.2703,-400,20,-0.50%,Wednesday,LND,0,-2
GBPUSD,BUY,1.26828,1.27137,2025-12-18 09:20,1.26856,2025-12-18 09:20,1.27137,-200,20,-0.30%,Wednesday,LND,10,-1
GBPUSD,SELL,1.26224,1.26034,2025-12-19 08:23,1.26194,2025-12-19 08:23,1.26034,-520,20,-0.62%,Thursday,LND,0,-2.6
EUROUSD,SELL,1.04031,1.03914,2025-12-19 08:24,1.04001,2025-12-19 08:24,1.03914,0,20,-0.10%,Thursday,LND,2.9,0
GBPUSD,SELL,1.26227,1.26037,2025-12-19 08:39,1.26197,2025-12-19 08:39,1.26037,-165,5,-0.19%,Thursday,LND,0,-3.3
GBPUSD,SELL,1.26253,1.26063,2025-12-19 08:41,1.26223,2025-12-19 08:41,1.26063,-135,5,-0.16%,Thursday,LND,0,-2.7
GBPUSD,BUY,1.25042,1.25232,2025-12-20 09:04,1.25072,2025-12-20 09:04,1.25232,-600,20,-0.70%,Friday,LND,0,-3
GBPUSD,BUY,1.24965,1.25155,2025-12-20 09:30,1.24995,2025-12-20 09:30,1.25155,-500,20,-0.60%,Friday,LND,0,-2.5
GBPUSD,SELL,1.25763,1.25573,2025-12-23 09:06,1.25733,2025-12-23 09:06,1.25733,-700,20,-0.80%,Monday,LND,0,-3.5
GBPUSD,SELL,1.25811,1.25552,2025-12-23 09:34,1.25781,2025-12-23 09:34,1.25552,4580,20,4.48%,Monday,LND,7.63,22.9
EUROUSD,SELL,1.03969,1.03784,2025-12-24 06:37,1.03944,2025-12-24 06:37,1.03784,-360,20,-0.46%,Tuesday,Frankfurt,0,-1.9
GBPUSD,SELL,1.25345,1.2507,2025-12-24 06:45,1.2532,2025-12-24 06:45,1.2507,-500,20,-0.60%,Tuesday,Frankfurt,0,-2.5
GBPUSD,SELL,1.2535,1.25178,2025-12-24 09:21,1.2532,2025-12-24 09:21,1.25178,-620,20,-0.72%,Tuesday,LND,0,-3.1
GBPUSD,SELL,1.25346,1.25157,2025-12-24 09:21,1.25322,2025-12-24 09:21,1.25157,-125,5,-0.15%,Tuesday,LND,0,-2.5
GBPUSD,SELL,1.25355,1.25086,2025-12-24 09:26,1.2533,2025-12-24 09:26,1.25086,-520,20,-0.62%,Tuesday,LND,0,-2.6
GBPUSD,SELL,1.25401,1.25224,2025-12-24 09:40,1.25384,2025-12-24 09:40,1.25224,-400,25,-0.53%,Tuesday,LND,0,-1.7
GBPUSD,SELL,1.25713,1.2552,2025-12-30 09:19,1.25693,2025-12-30 09:19,1.25713,-2.5,20,-0.63%,Monday,LND,0,-2.5
GBPUSD,SELL,1.25826,1.2574,2025-12-30 09:57,1.25801,2025-12-30 09:57,1.25826,-0.1,20,-0.16%,Monday,LND,0,-0.1
GBPUSD,SELL,1.25821,1.25519,2025-12-30 10:05,1.25791,2025-12-30 10:05,1.25821,-2.6,20,-0.62%,Monday,LND,0,-2.6
GBPUSD,SELL,1.25922,1.25736,2025-12-30 10:43,1.25892,2025-12-30 10:43,1.25922,-3,20,-0.70%,Monday,LND,0,-3
GBPUSD,SELL,1.25499,1.25309,2025-12-31 08:29,1.25469,2025-12-31 08:29,1.25499,-4.1,20,-0.92%,Tuesday,LND,0,-4.1
GBPUSD,SELL,1.25509,1.25319,2025-12-31 08:30,1.25479,2025-12-31 08:30,1.25509,-3,20,-0.70%,Tuesday,LND,0,-3
GBPUSD,SELL,1.2554,1.25358,2025-12-31 08:35,1.2551,2025-12-31 08:35,1.2554,-2.8,20,-0.66%,Tuesday,LND,0,-2.8
EUROUSD,SELL,1.04149,1.04073,2025-12-31 08:40,1.04124,2025-12-31 08:40,1.04149,-1,10,-0.15%,Tuesday,LND,0,-1
GBPUSD,SELL,1.25553,1.25468,2025-12-31 08:58,1.25523,2025-12-31 08:58,1.25553,-2.1,20,-0.52%,Tuesday,LND,0,-2.1
EUROUSD,BUY,1.03621,1.03798,2025-02-03 09:26,1.03646,2025-02-03 09:27,1.03621,-640,20,-0.70%,Monday,London,0,-3.2
GBPUSD,BUY,1.24984,1.25158,2025-02-03 09:28,1.24998,2025-02-03 09:29,1.24984,-240,20,-0.30%,Monday,London,11.43,34.3
EUROUSD,SELL,1.03554,1.0341,2025-02-03 10:17,1.03534,2025-02-03 10:18,1.03554,-500,20,-0.56%,Monday,London,0,-2.5
GBPUSD,SELL,1.25003,1.24631,2025-02-03 09:30,1.24973,2025-02-03 09:31,1.25003,6860,20,6.80%,Monday,London,11.4,34.2
GBPUSD,SELL,1.249,1.24632,2025-02-03 10:17,1.2487,2025-02-03 10:18,1.249,4760,20,4.70%,Monday,London,7.93,23.8
GBPUSD,BUY,1.23339,1.23518,2025-01-08 13:36,1.23369,2025-01-08 13:36,1.23339,-600,20,-0.74%,Wednesday,New York,0,-3
GBPUSD,SELL,1.23387,1.23199,2025-01-08 13:44,1.23353,2025-01-08 13:44,1.23387,-680,20,-0.82%,Wednesday,New York,0,-3.4
GBPUSD,SELL,1.22901,1.22778,2025-01-10 08:12,1.22858,2025-01-10 08:12,1.22901,-840,20,-0.90%,Friday,London,8.47,4.3
GBPUSD,SELL,1.22923,1.22777,2025-01-10 08:16,1.22893,2025-01-10 08:16,1.22923,-700,20,-0.76%,Friday,London,11.14,3
GBPUSD,SELL,1.21257,1.21068,2025-01-13 13:23,1.21227,2025-01-13 13:23,1.21257,-660,20,-0.72%,Monday,New York,6.26,3
GBPUSD,SELL,1.21271,1.21081,2025-01-13 13:21,1.21239,2025-01-13 13:21,1.21271,-760,20,-0.82%,Monday,New York,6.33,3.2
GBPUSD,SELL,1.21274,1.21084,2025-01-13 13:12,1.21244,2025-01-13 13:12,1.21274,-700,20,-0.76%,Monday,New York,6.28,3
GBPUSD,SELL,1.21272,1.21013,2025-01-13 11:11,1.21242,2025-01-13 11:11,1.21272,-400,20,-0.46%,Monday,London,8.56,3
GBPUSD,BUY,1.22049,1.22222,2025-01-14 08:43,1.22209,2025-01-14 08:43,1.22049,-520,20,-0.58%,Tuesday,London,6.68,16
GBPUSD,BUY,1.22085,1.21999,2025-01-15 09:22,1.22055,2025-01-15 09:22,1.22085,0,20,-0.06%,Wednesday,London,-8.57,3
GBPUSD,BUY,1.2211,1.223,2025-01-15 09:44,1.2214,2025-01-15 09:44,1.2211,60,20,0.00%,Wednesday,London,6,3
GBPUSD,BUY,1.22049,1.22222,2025-01-16 09:22,1.22069,2025-01-16 09:22,1.22049,-400,20,-0.46%,Thursday,London,8.68,2
GBPUSD,BUY,1.21999,1.222,2025-01-16 09:32,1.2204,2025-01-16 09:32,1.21999,-820,20,-0.88%,Thursday,London,5.92,4.1
GBPUSD,SELL,1.21991,1.21805,2025-01-16 09:52,1.21961,2025-01-16 09:52,1.21991,-600,20,-0.66%,Thursday,London,6.09,3
GBPUSD,SELL,1.21999,1.21809,2025-01-16 10:01,1.21969,2025-01-16 10:01,1.21999,-620,20,-0.68%,Thursday,London,6,3
GBPUSD,BUY,1.21826,1.22053,2025-01-17 08:25,1.2186,2025-01-17 08:25,1.21826,-440,20,-0.50%,Friday,London,6.03,3.4
GBPUSD,SELL,1.27039,1.26718,2024-05-20 09:55,1.27009,2024-05-20 09:56,1.26718,-600,20,0.70%,Monday,London,9.97,29.1
GBPUSD,SELL,1.27018,1.26811,2024-05-20 13:20,1.2699,2024-05-20 13:21,1.26811,-520,20,0.62%,Monday,New York,13.33,17.9
GBPUSD,SELL,1.27011,1.26811,2024-05-20 13:32,1.26985,2024-05-20 13:33,1.26811,-560,20,-0.66%,Monday,New York,12.33,17.4
GBPUSD,BUY,1.27159,1.27311,2024-05-21 08:51,1.27185,2024-05-21 08:52,1.27311,-520,20,-0.62%,Tuesday,London,6.48,12.6
GBPUSD,BUY,1.2713,1.27196,2024-05-21 11:38,1.2716,2024-05-21 11:39,1.27196,720,20,-0.62%,Tuesday,London,2.2,3.6
GBPUSD,SELL,1.27333,1.27,2024-05-22 11:09,1.27314,2024-05-22 11:10,1.27,-380,20,-0.48%,Wednesday,London,9.17,31.4
GBPUSD,SELL,1.27339,1.27,2024-05-22 11:15,1.27316,2024-05-22 11:16,1.27,-460,20,-0.56%,Wednesday,London,8.53,31.6
GBPUSD,SELL,1.27343,1.27,2024-05-22 12:18,1.27318,2024-05-22 12:19,1.27,2970,20,2.87%,Wednesday,London,10.6,31.8
GBPUSD,SELL,1.27343,1.27,2024-05-22 12:18,1.27317,2024-05-22 12:19,1.27,2950,20,2.85%,Wednesday,London,10.57,31.7
GBPUSD,SELL,1.27442,1.27213,2024-05-22 15:00,1.27317,2024-05-22 15:01,1.27213,-250,20,-0.35%,Wednesday,New York,4.82,10.4
GBPUSD,SELL,1.27427,1.27213,2024-05-22 15:21,1.27402,2024-05-22 15:22,1.27213,790,20,0.69%,Wednesday,New York,8.17,18.9
GBPUSD,BUY,1.27322,1.27442,2024-05-23 14:02,1.27352,2024-05-23 14:03,1.27442,1000,20,0.90%,Thursday,New York,5.57,9
GBPUSD,BUY,1.27022,1.27507,2024-05-24 10:18,1.27052,2024-05-24 10:19,1.27507,260,20,0.16%,Friday,London,1.33,45.5
GBPUSD,SELL,1.27113,1.26783,2024-05-24 10:34,1.27088,2024-05-24 10:35,1.26783,-500,20,-0.60%,Friday,London,6.88,30.5
GBPUSD,SELL,1.27114,1.2679,2024-05-24 10:34,1.27089,2024-05-24 10:35,1.2679,-600,20,-0.70%,Friday,London,7.67,29.9
GBPUSD,SELL,1.27114,1.26783,2024-05-24 11:03,1.27084,2024-05-24 11:04,1.26783,-500,20,-0.60%,Friday,London,6.81,30.1
GBPUSD,SELL,1.27114,1.2679,2024-05-24 11:03,1.27089,2024-05-24 11:04,1.2679,-420,20,-0.52%,Friday,London,7.67,29.9
GBPUSD,BUY,1.26776,1.26705,2025-06-17 09:54,1.26736,2025-06-17 09:55,1.26705,-620,20,-0.72%,Tuesday,London,-7.75,3.1
GBPUSD,BUY,1.26776,1.26705,2025-06-17 10:17,1.26737,2025-06-17 10:18,1.26705,-640,20,-0.74%,Tuesday,London,-7.75,3.2
GBPUSD,SELL,1.26882,1.26692,2025-06-18 13:55,1.26855,2025-06-18 13:56,1.26692,-600,20,-0.70%,Wednesday,New York,8.32,16.3
GBPUSD,BUY,1.26937,1.27127,2025-06-18 15:50,1.26967,2025-06-18 15:51,1.27127,-640,20,-0.74%,Wednesday,New York,6.67,16
GBPUSD,BUY,1.26858,1.27018,2025-06-18 16:11,1.26888,2025-06-18 16:12,1.27018,-600,20,-0.70%,Wednesday,New York,6,13
GBPUSD,BUY,1.26844,1.27092,2025-06-18 16:12,1.26874,2025-06-18 16:13,1.27092,2890,20,2.79%,Wednesday,New York,8.2,21.8
GBPUSD,SELL,1.27333,1.27146,2025-06-19 11:04,1.27308,2025-06-19 11:05,1.27146,-500,20,-0.60%,Thursday,London,8.46,16.2
GBPUSD,BUY,1.2728,1.27381,2025-06-19 11:28,1.2731,2025-06-19 11:29,1.27381,760,20,0.66%,Thursday,London,10.1,7.1
GBPUSD,BUY,1.27295,1.27399,2025-06-19 12:38,1.2732,2025-06-19 12:39,1.27399,-380,20,-0.48%,Thursday,London,4.89,7.9
GBPUSD,BUY,1.273,1.27399,2025-06-19 12:43,1.27325,2025-06-19 12:44,1.27399,-200,20,-0.30%,Thursday,London,3.96,7.4
GBPUSD,SELL,1.27354,1.27139,2025-06-19 12:54,1.27324,2025-06-19 12:55,1.27139,-340,20,-0.44%,Thursday,London,8.91,18.5
GBPUSD,SELL,1.26597,1.26438,2025-06-24 10:16,1.26618,2025-06-24 10:16,1.26618,-420,20,-0.52%,Tuesday,London,2.4,0
GBPUSD,BUY,1.26627,1.26718,2025-06-24 10:31,1.26597,2025-06-24 10:31,1.26597,-360,20,-0.46%,Tuesday,London,2.71,0
GBPUSD,BUY,1.26613,1.26659,2025-06-24 10:32,1.26583,2025-06-24 10:32,1.26583,765,20,0.67%,Tuesday,London,2.53,0
GBPUSD,BUY,1.26882,1.27041,2025-06-25 08:15,1.26852,2025-06-25 08:15,1.26852,-775,25,-0.90%,Wednesday,London,7.97,0
GBPUSD,BUY,1.26891,1.27051,2025-06-25 08:36,1.26861,2025-06-25 08:36,1.26861,-445,25,-0.57%,Wednesday,London,7.5,0
GBPUSD,BUY,1.26889,1.27049,2025-06-25 08:59,1.26859,2025-06-25 08:59,1.26859,2200,20,2.10%,Wednesday,London,7.97,0
GBPUSD,BUY,1.26883,1.27049,2025-06-25 10:47,1.26853,2025-06-25 10:47,1.26853,2320,20,2.22%,Wednesday,London,8.24,0
GBPUSD,BUY,1.26803,1.26863,2025-06-25 14:46,1.26773,2025-06-25 14:46,1.26773,1240,20,1.14%,Wednesday,New York,2,0
GBPUSD,SELL,1.26673,1.26616,2025-06-26 09:46,1.26703,2025-06-26 09:46,1.26703,0,20,-0.10%,Thursday,London,5.09,0
GBPUSD,BUY,1.26666,1.26741,2025-06-26 10:22,1.26636,2025-06-26 10:22,1.26636,60,20,-0.04%,Thursday,London,2.71,0
GBPUSD,SELL,1.26374,1.26125,2025-06-27 10:02,1.26401,2025-06-27 10:02,1.26401,-500,20,-0.60%,Friday,London,6.04,0
GBPUSD,BUY,1.26413,1.2647,2025-06-27 10:40,1.26383,2025-06-27 10:40,1.26383,1140,20,1.04%,Friday,London,2.27,0
GBPUSD,SELL,1.26633,1.2647,2025-06-27 14:54,1.26658,2025-06-27 14:54,1.26658,-440,20,-0.54%,Friday,New York,8.51,0
GBPUSD,SELL,1.26587,1.26464,2025-06-27 15:44,1.26615,2025-06-27 15:44,1.26615,2520,20,2.42%,Friday,New York,9.43,0
GBPUSD,SELL,1.26606,1.26452,2025-06-27 15:39,1.26636,2025-06-27 15:39,1.26636,3080,20,2.98%,Friday,New York,8.6,0
GBPUSD,BUY,1.33487,1.3368,2025-09-24 09:02,1.33517,2025-09-24 09:03,1.33621,-640,20,3.16%,Wednesday,London,4.07,10.4
GBPUSD,BUY,1.33487,1.3368,2025-09-24 09:02,1.33517,2025-09-24 09:03,1.33621,-640,20,3.16%,Wednesday,London,4.07,10.4
GBPUSD,BUY,1.33769,1.33955,2025-09-25 09:43,1.33805,2025-09-25 09:44,1.33769,-1440,40,-1.64%,Thursday,London,6.41,3.6
GBPUSD,BUY,1.33769,1.33949,2025-09-25 09:55,1.33796,2025-09-25 09:56,1.33769,-540,20,-0.64%,Thursday,London,4,-2.7
GBPUSD,BUY,1.33769,1.33949,2025-09-25 09:55,1.33796,2025-09-25 09:56,1.33769,-540,20,-0.64%,Thursday,London,4,-2.7
GBPUSD,BUY,1.3377,1.33949,2025-09-25 10:09,1.33796,2025-09-25 10:10,1.3377,-520,20,-0.62%,Thursday,London,3.97,-2.6
GBPUSD,BUY,1.3377,1.33949,2025-09-25 10:09,1.33796,2025-09-25 10:10,1.3377,-520,20,-0.62%,Thursday,London,3.97,-2.6
GBPUSD,BUY,1.33705,1.33807,2025-09-27 09:43,1.33735,2025-09-27 09:44,1.33705,-600,20,-0.70%,Saturday,London,0.69,-3
GBPUSD,BUY,1.33705,1.33807,2025-09-27 09:43,1.33735,2025-09-27 09:44,1.33705,-600,20,-0.70%,Saturday,London,0.69,-3
GBPUSD,BUY,1.33684,1.33834,2025-09-27 09:45,1.33711,2025-09-27 09:46,1.33684,-500,20,-0.60%,Saturday,London,1.47,-2.7
GBPUSD,BUY,1.33684,1.33834,2025-09-27 09:45,1.33711,2025-09-27 09:46,1.33684,-500,20,-0.60%,Saturday,London,1.47,-2.7
GBPUSD,BUY,1.33684,1.33927,2025-09-27 09:47,1.33714,2025-09-27 09:48,1.33927,4260,20,4.16%,Saturday,London,3.31,21.3
GBPUSD,BUY,1.33684,1.33927,2025-09-27 09:47,1.33714,2025-09-27 09:48,1.33927,4260,20,4.16%,Saturday,London,3.31,21.3
GBPUSD,BUY,1.33694,1.34276,2025-09-27 09:55,1.33724,2025-09-27 09:56,1.34276,4120,20,4.02%,Saturday,London,6.11,55.2
GBPUSD,BUY,1.28417,1.286,2025-08-14 08:53,1.28447,2025-08-14 08:54,1.28417,-600,20,-0.70%,Thursday,London,0.94,-3
GBPUSD,BUY,1.28369,1.28547,2025-08-14 08:58,1.28399,2025-08-14 08:59,1.28369,-420,20,-0.52%,Thursday,London,1.05,-3
GBPUSD,BUY,1.2829,1.28488,2025-08-14 09:08,1.2832,2025-08-14 09:09,1.2829,-440,20,-0.54%,Thursday,London,1,-3
GBPUSD,SELL,1.28391,1.28201,2025-08-14 09:42,1.28361,2025-08-14 09:43,1.28391,-460,20,-0.56%,Thursday,London,0.79,-3
GBPUSD,SELL,1.28387,1.28201,2025-08-14 09:44,1.28362,2025-08-14 09:45,1.28387,-540,20,-0.64%,Thursday,London,0.75,-2.5
GBPUSD,BUY,1.28255,1.28445,2025-08-14 10:05,1.28419,2025-08-14 10:06,1.28255,-400,20,-0.50%,Thursday,London,1,-16.4
GBPUSD,SELL,1.28532,1.28342,2025-08-15 10:41,1.28502,2025-08-15 10:42,1.28532,-580,20,-0.68%,Friday,London,1,-3
GBPUSD,BUY,1.28512,1.28703,2025-08-15 11:00,1.28542,2025-08-15 11:01,1.28512,-20,20,-0.12%,Friday,London,1,-3
EUROUSD,SELL,1.10128,1.10098,2025-08-15 10:46,1.10098,2025-08-15 10:47,1.10128,-40,20,-0.14%,Friday,London,1,-3
GBPUSD,SELL,1.28783,1.28599,2025-08-16 07:57,1.28753,2025-08-16 07:58,1.28783,-240,20,-0.34%,Saturday,Asia,1,-3
EUROUSD,SELL,1.09845,1.09655,2025-08-16 07:57,1.09815,2025-08-16 07:58,1.09845,-620,20,-0.72%,Saturday,Asia,0.8,-3
GBPUSD,SELL,1.28816,1.28625,2025-08-16 08:03,1.28786,2025-08-16 08:04,1.28816,-160,20,-0.26%,Saturday,Asia,1,-3
GBPUSD,SELL,1.28832,1.28703,2025-08-16 08:04,1.28809,2025-08-16 08:05,1.28832,-20,20,-0.12%,Saturday,Asia,1,-2.3
EUROUSD,SELL,1.09866,1.09766,2025-08-16 08:03,1.0984,2025-08-16 08:04,1.09866,100,20,0.00%,Saturday,Asia,1,-2.6
EUROUSD,SELL,1.09866,1.09766,2025-08-16 07:51,1.09836,2025-08-16 07:52,1.09866,-40,20,-0.14%,Saturday,Asia,1,-3
EUROUSD,SELL,1.05154,1.04964,2025-12-02 09:31,1.05124,2025-12-02 09:32,1.05154,-500,20,-0.60%,Tuesday,London,1,-3
GBPUSD,SELL,1.27061,1.26716,2025-12-02 09:31,1.27031,2025-12-02 09:32,1.27061,-600,20,-0.70%,Tuesday,London,1,-3
EUROUSD,SELL,1.05158,1.04968,2025-12-02 09:50,1.05128,2025-12-02 09:51,1.05158,0,20,-0.10%,Tuesday,London,1,-3
EUROUSD,SELL,1.0527,1.05084,2025-12-03 08:55,1.0524,2025-12-03 08:56,1.0527,-560,20,-0.66%,Wednesday,London,1,-3
GBPUSD,SELL,1.26876,1.26698,2025-12-03 08:55,1.26848,2025-12-03 08:56,1.26876,-280,20,-0.38%,Wednesday,London,1,-2.8
GBPUSD,SELL,1.27359,1.27171,2025-12-05 08:51,1.27329,2025-12-05 08:52,1.27359,2900,20,2.80%,Friday,London,1,-3
GBPUSD,SELL,1.27361,1.27167,2025-12-05 08:50,1.27331,2025-12-05 08:51,1.27361,2880,20,2.78%,Friday,London,1,-3
EUROUSD,SELL,1.05407,1.05243,2025-12-05 08:51,1.05377,2025-12-05 08:52,1.05407,2680,20,2.58%,Friday,London,1,-3
GBPUSD,SELL,1.27701,1.27518,2025-12-06 08:32,1.27673,2025-12-06 08:33,1.27701,3100,20,3.00%,Saturday,London,1,-2.8
GBPUSD,SELL,1.27701,1.27518,2025-12-06 08:32,1.27678,2025-12-06 08:33,1.27701,3200,20,3.10%,Saturday,London,1,-2.3