Date,Symbol,PnL_Saved,Risk_Score,Reason
2024-05-22 11:15:00,GBPUSD,460.0,72.8,"Revenge_Timer: 0.17, RR Ratio: -0.10, Losing_Streak: 0.08"
2024-05-24 10:34:00,GBPUSD,500.0,70.7,"Revenge_Timer: 0.15, RR Ratio: -0.10, Losing_Streak: 0.09"
2024-05-24 11:03:00,GBPUSD,500.0,72.0,"Losing_Streak: 0.15, RR Ratio: -0.12, Revenge_Timer: 0.11"
2025-01-02 13:00:00,GBPUSD,-0.0,29.0,"RR Ratio: -0.14, Revenge_Timer: -0.11, Losing_Streak: 0.10"
2025-01-04 11:35:00,GBPUSD,26.0,81.3,"Revenge_Timer: 0.16, RR Ratio: 0.09, Drawdown_State: -0.04"
2025-01-08 13:36:00,GBPUSD,600.0,82.5,"Losing_Streak: 0.16, RR Ratio: 0.09, Revenge_Timer: -0.04"
2025-01-08 13:44:00,GBPUSD,680.0,95.1,"Losing_Streak: 0.14, Revenge_Timer: 0.10, RR Ratio: 0.08"
2025-01-09 14:22:00,GBPUSD,47.0,81.6,"Losing_Streak: 0.15, RR Ratio: 0.12, Revenge_Timer: -0.05"
2025-01-10 08:16:00,GBPUSD,700.0,87.3,"Losing_Streak: 0.13, Revenge_Timer: 0.11, RR Ratio: -0.08"
2025-01-10 12:00:00,GBPUSD,28.0,77.2,"Losing_Streak: 0.13, RR Ratio: 0.11, Revenge_Timer: -0.08"
2025-01-10 12:20:00,GBPUSD,40.0,85.7,"Losing_Streak: 0.12, RR Ratio: 0.09, Drawdown_State: 0.05"
2025-01-13 13:12:00,GBPUSD,700.0,71.2,"Losing_Streak: 0.15, RR Ratio: -0.10, Revenge_Timer: -0.08"
2025-01-13 13:21:00,GBPUSD,760.0,86.9,"Losing_Streak: 0.14, RR Ratio: -0.09, Revenge_Timer: 0.09"
2025-01-13 13:23:00,GBPUSD,660.0,86.9,"Losing_Streak: 0.14, Revenge_Timer: 0.09, RR Ratio: -0.09"
2025-01-14 08:43:00,GBPUSD,520.0,76.4,"Losing_Streak: 0.15, RR Ratio: -0.08, Drawdown_State: 0.08"
2025-01-15 09:22:00,GBPUSD,-0.0,62.7,"Losing_Streak: 0.08, Revenge_Timer: -0.08, Drawdown_State: 0.06"
2025-01-15 13:39:00,GBPUSD,41.0,71.9,"Losing_Streak: -0.17, Drawdown_State: 0.17, RR Ratio: 0.13"
2025-01-15 13:47:00,GBPUSD,22.0,85.9,"Revenge_Timer: 0.10, RR Ratio: 0.09, Drawdown_State: 0.08"
2025-01-15 14:09:00,GBPUSD,29.0,73.4,"Drawdown_State: 0.12, RR Ratio: 0.10, Revenge_Timer: -0.03"
2025-01-16 09:03:00,GBPUSD,-222.0,42.0,"RR Ratio: -0.17, Losing_Streak: 0.09, Revenge_Timer: -0.08"
2025-01-16 09:32:00,GBPUSD,820.0,86.8,"Revenge_Timer: 0.11, RR Ratio: -0.07, Drawdown_State: 0.07"
2025-01-16 09:52:00,GBPUSD,600.0,78.0,"Drawdown_State: 0.10, RR Ratio: -0.07, Lot_Deviation: 0.06"
2025-01-16 10:01:00,GBPUSD,620.0,89.1,"Losing_Streak: 0.13, Revenge_Timer: 0.09, RR Ratio: -0.09"
2025-01-17 08:25:00,GBPUSD,440.0,72.0,"Losing_Streak: 0.12, RR Ratio: -0.09, Drawdown_State: 0.09"
2025-01-18 13:10:00,GBPUSD,21.0,84.1,"RR Ratio: 0.11, Losing_Streak: 0.10, Drawdown_State: 0.09"
2025-01-19 13:00:00,GBPUSD,28.0,83.4,"Losing_Streak: 0.11, RR Ratio: 0.11, Drawdown_State: 0.10"
2025-01-19 13:02:00,GBPUSD,20.0,93.2,"Losing_Streak: 0.10, RR Ratio: 0.10, Revenge_Timer: 0.07"
2025-01-22 09:42:00,GBPUSD,30.0,77.2,"RR Ratio: 0.09, Losing_Streak: 0.09, Drawdown_State: 0.09"
2025-01-23 13:40:00,GBPUSD,27.0,78.6,"Drawdown_State: 0.20, Losing_Streak: -0.16, RR Ratio: 0.13"
2025-01-23 13:49:00,GBPUSD,27.0,87.8,"Revenge_Timer: 0.10, RR Ratio: 0.10, Drawdown_State: 0.10"
2025-01-24 17:46:00,GBPUSD,10.0,75.1,"Drawdown_State: 0.15, RR Ratio: 0.10, Revenge_Timer: -0.05"
2025-01-25 09:55:00,GBPUSD,50.0,81.7,"Losing_Streak: 0.11, Drawdown_State: 0.10, RR Ratio: 0.10"
2025-01-26 09:25:00,GBPUSD,35.0,81.7,"Losing_Streak: 0.11, RR Ratio: 0.10, Drawdown_State: 0.09"
2025-01-26 11:57:00,GBPUSD,-0.0,71.7,"RR Ratio: 0.10, Losing_Streak: 0.10, Revenge_Timer: -0.08"
2025-02-03 09:26:00,EUROUSD,640.0,74.1,"Drawdown_State: 0.18, Losing_Streak: -0.17, RR Ratio: 0.10"
2025-02-03 09:28:00,GBPUSD,240.0,79.6,"RR Ratio: -0.09, Revenge_Timer: 0.08, Losing_Streak: 0.07"
2025-02-03 09:30:00,GBPUSD,-6860.0,71.1,"RR Ratio: -0.11, Revenge_Timer: 0.08, Losing_Streak: 0.06"
2025-02-08 09:57:00,GBPUSD,46.0,70.4,"Losing_Streak: 0.17, RR Ratio: 0.10, Revenge_Timer: -0.07"
2025-02-09 13:30:00,GBPUSD,168.0,78.7,"Losing_Streak: 0.19, RR Ratio: 0.12, Revenge_Timer: -0.06"
2025-02-12 12:20:00,GBPUSD,68.0,74.9,"Losing_Streak: 0.19, RR Ratio: 0.11, Revenge_Timer: -0.07"
2025-02-12 12:20:00,GBPUSD,16.0,92.3,"Losing_Streak: 0.15, RR Ratio: 0.11, Revenge_Timer: 0.10"
2025-02-12 15:33:00,GBPUSD,-382.0,21.9,"RR Ratio: -0.18, Losing_Streak: 0.13, Revenge_Timer: -0.11"
2025-02-28 14:06:00,GBPUSD,46.5,74.6,"Losing_Streak: 0.17, RR Ratio: 0.11, Revenge_Timer: -0.06"
2025-02-28 14:09:00,GBPUSD,25.5,90.4,"Losing_Streak: 0.14, Revenge_Timer: 0.11, RR Ratio: 0.10"
2025-03-06 10:55:00,GBPUSD,580.0,80.3,"Losing_Streak: 0.18, RR Ratio: 0.07, Revenge_Timer: -0.07"
2025-03-06 12:35:00,GBPUSD,600.0,76.5,"Losing_Streak: 0.19, Revenge_Timer: -0.09, RR Ratio: 0.08"
2025-03-11 10:06:00,GBPUSD,420.0,80.9,"Losing_Streak: 0.17, RR Ratio: 0.07, Revenge_Timer: -0.07"
2025-03-12 06:27:00,GBPUSD,540.0,72.9,"Losing_Streak: 0.14, Lot_Deviation: 0.08, Revenge_Timer: -0.06"
2025-03-13 09:31:00,GBPUSD,680.0,83.4,"Losing_Streak: 0.16, RR Ratio: 0.08, Revenge_Timer: -0.06"
2025-03-14 13:21:00,GBPUSD,-754.0,32.4,"RR Ratio: -0.19, Losing_Streak: 0.11, Revenge_Timer: -0.08"
2025-03-18 15:57:00,GBPUSD,48.0,11.8,"Revenge_Timer: -0.14, RR Ratio: -0.10, Lot_Deviation: -0.08"
2025-03-21 09:08:00,GBPUSD,19.34,79.7,"Losing_Streak: 0.14, RR Ratio: 0.11, Revenge_Timer: -0.06"
2025-03-21 10:31:00,GBPUSD,30.0,78.3,"Losing_Streak: 0.15, RR Ratio: 0.12, Revenge_Timer: -0.08"
2025-03-21 12:31:00,GBPUSD,29.0,79.5,"Losing_Streak: 0.16, RR Ratio: 0.12, Revenge_Timer: -0.08"
2025-03-21 12:36:00,GBPUSD,41.0,94.2,"Losing_Streak: 0.13, RR Ratio: 0.10, Revenge_Timer: 0.10"
2025-03-22 13:38:00,GBPUSD,30.0,80.9,"Losing_Streak: 0.15, RR Ratio: 0.12, Revenge_Timer: -0.06"
2025-05-07 09:34:00,GBPUSD,-0.0,25.0,"Losing_Streak: -0.30, Drawdown_State: -0.09, Revenge_Timer: -0.06"
2025-05-10 08:50:00,GBPUSD,2.3,85.5,"Revenge_Timer: 0.16, RR Ratio: 0.06, Losing_Streak: 0.04"
2025-05-10 08:56:00,GBPUSD,-2.2,75.9,"Revenge_Timer: 0.14, RR Ratio: 0.07, Drawdown_State: -0.04"
2025-05-20 09:55:00,GBPUSD,600.0,76.9,"Losing_Streak: 0.15, Revenge_Timer: -0.08, RR Ratio: 0.08"
2025-05-20 13:20:00,GBPUSD,520.0,77.4,"Losing_Streak: 0.18, Revenge_Timer: -0.10, RR Ratio: 0.09"
2025-05-20 13:32:00,GBPUSD,560.0,93.8,"Losing_Streak: 0.14, Revenge_Timer: 0.09, RR Ratio: 0.08"
2025-05-21 08:51:00,GBPUSD,520.0,81.2,"Losing_Streak: 0.18, Revenge_Timer: -0.08, RR Ratio: 0.08"
2025-05-22 11:15:00,GBPUSD,460.0,93.4,"Revenge_Timer: 0.14, RR Ratio: 0.08, Losing_Streak: 0.04"
2025-05-24 10:34:00,GBPUSD,500.0,86.5,"Revenge_Timer: 0.17, RR Ratio: 0.08, Drawdown_State: -0.07"
2025-05-24 11:03:00,GBPUSD,500.0,90.6,"Losing_Streak: 0.14, RR Ratio: 0.09, Revenge_Timer: 0.09"
2025-05-30 11:05:00,GBPUSD,1.6,86.4,"Revenge_Timer: 0.15, RR Ratio: 0.08, Losing_Streak: 0.05"
2025-05-30 15:45:00,GBPUSD,1.2,85.7,"Losing_Streak: 0.15, RR Ratio: 0.11, Revenge_Timer: 0.06"
2025-06-11 10:34:00,GBPUSD,520.0,74.4,"Losing_Streak: 0.16, RR Ratio: 0.10, Revenge_Timer: -0.09"
2025-06-13 14:03:00,EUROUSD,280.0,77.3,"Losing_Streak: 0.16, RR Ratio: 0.10, Revenge_Timer: -0.07"
2025-06-13 17:41:00,GBPUSD,560.0,76.4,"Losing_Streak: 0.19, RR Ratio: 0.11, Revenge_Timer: -0.09"
2025-06-13 18:00:00,GBPUSD,620.0,90.4,"Losing_Streak: 0.17, RR Ratio: 0.11, Revenge_Timer: 0.05"
2025-06-17 09:54:00,GBPUSD,620.0,83.2,"Losing_Streak: 0.15, RR Ratio: 0.10, Revenge_Timer: -0.06"
2025-06-17 09:54:00,GBPUSD,620.0,93.0,"Losing_Streak: 0.13, Revenge_Timer: 0.09, RR Ratio: 0.07"
2025-06-17 10:17:00,GBPUSD,640.0,87.7,"Losing_Streak: 0.15, RR Ratio: 0.11, Revenge_Timer: -0.04"
2025-06-17 10:17:00,GBPUSD,640.0,93.0,"Losing_Streak: 0.13, Revenge_Timer: 0.08, RR Ratio: 0.06"
2025-06-18 13:55:00,GBPUSD,600.0,87.5,"Losing_Streak: 0.12, RR Ratio: 0.09, Drawdown_State: 0.08"
2025-06-18 13:55:00,GBPUSD,600.0,77.8,"Losing_Streak: 0.15, RR Ratio: -0.12, Revenge_Timer: 0.08"
2025-06-18 15:50:00,GBPUSD,640.0,84.7,"Losing_Streak: 0.14, RR Ratio: 0.10, Drawdown_State: 0.08"
2025-06-18 15:50:00,GBPUSD,640.0,76.2,"Losing_Streak: 0.16, RR Ratio: -0.12, Revenge_Timer: 0.07"
2025-06-18 16:11:00,GBPUSD,600.0,88.7,"Losing_Streak: 0.12, RR Ratio: 0.09, Drawdown_State: 0.08"
2025-06-18 16:11:00,GBPUSD,600.0,77.0,"Losing_Streak: 0.16, RR Ratio: -0.11, Drawdown_State: 0.08"
2025-06-19 11:04:00,GBPUSD,500.0,76.1,"Revenge_Timer: 0.13, RR Ratio: -0.11, Losing_Streak: 0.09"
2025-06-19 12:38:00,GBPUSD,380.0,91.2,"Revenge_Timer: 0.12, RR Ratio: 0.10, Losing_Streak: 0.05"
2025-06-19 12:43:00,GBPUSD,200.0,75.3,"Revenge_Timer: 0.15, RR Ratio: -0.10, Losing_Streak: 0.08"
2025-06-19 12:43:00,GBPUSD,200.0,94.8,"Losing_Streak: 0.13, RR Ratio: 0.09, Revenge_Timer: 0.08"
2025-06-19 12:54:00,GBPUSD,340.0,77.5,"Losing_Streak: 0.13, RR Ratio: -0.12, Revenge_Timer: 0.12"
2025-06-19 12:54:00,GBPUSD,340.0,78.2,"Losing_Streak: 0.15, RR Ratio: -0.11, Revenge_Timer: 0.09"
2025-06-20 11:00:00,GBPUSD,60.0,83.1,"Losing_Streak: 0.14, RR Ratio: -0.10, Revenge_Timer: 0.10"
2025-06-24 10:16:00,GBPUSD,420.0,86.1,"Revenge_Timer: 0.16, RR Ratio: 0.08, Drawdown_State: -0.07"
2025-06-24 10:31:00,GBPUSD,360.0,82.0,"Revenge_Timer: 0.14, RR Ratio: 0.08, Drawdown_State: -0.08"
2025-06-25 08:15:00,GBPUSD,775.0,15.9,"Losing_Streak: -0.23, Drawdown_State: -0.21, Revenge_Timer: -0.08"
2025-06-25 08:15:00,GBPUSD,775.0,83.8,"Revenge_Timer: 0.13, Losing_Streak: 0.08, Lot_Deviation: 0.07"
2025-06-25 08:36:00,GBPUSD,445.0,81.7,"Losing_Streak: 0.14, Revenge_Timer: 0.09, RR Ratio: -0.08"
2025-06-27 10:02:00,GBPUSD,500.0,83.3,"Revenge_Timer: 0.17, RR Ratio: 0.09, Drawdown_State: -0.07"
2025-06-27 14:54:00,GBPUSD,440.0,74.2,"Revenge_Timer: 0.17, RR Ratio: 0.10, Drawdown_State: -0.08"
2025-07-09 09:25:00,GBPUSD,520.0,86.8,"Revenge_Timer: 0.17, RR Ratio: 0.07, Drawdown_State: -0.07"
2025-07-09 09:27:00,GBPUSD,240.0,85.3,"Revenge_Timer: 0.15, RR Ratio: 0.08, Drawdown_State: -0.06"
2025-07-09 09:54:00,GBPUSD,700.0,78.4,"Losing_Streak: 0.16, RR Ratio: 0.11, Revenge_Timer: -0.06"
2025-07-09 09:55:00,GBPUSD,500.0,92.0,"Losing_Streak: 0.14, RR Ratio: 0.09, Revenge_Timer: 0.09"
2025-07-10 09:38:00,GBPUSD,640.0,75.9,"Losing_Streak: 0.18, RR Ratio: 0.09, Revenge_Timer: -0.09"
2025-07-10 09:38:00,GBPUSD,720.0,95.0,"Losing_Streak: 0.16, RR Ratio: 0.09, Revenge_Timer: 0.09"
2025-07-10 09:41:00,GBPUSD,740.0,96.1,"Losing_Streak: 0.15, Revenge_Timer: 0.10, RR Ratio: 0.09"
2025-07-10 09:46:00,GBPUSD,700.0,96.4,"Losing_Streak: 0.13, RR Ratio: 0.10, Revenge_Timer: 0.09"
2025-07-10 11:15:00,GBPUSD,360.0,82.7,"Losing_Streak: 0.16, RR Ratio: 0.10, Revenge_Timer: -0.08"
2025-07-15 12:07:00,GBPUSD,260.0,93.3,"Revenge_Timer: 0.14, RR Ratio: 0.09, Losing_Streak: 0.05"
2025-07-17 13:43:00,GBPUSD,660.0,85.7,"Losing_Streak: 0.12, RR Ratio: 0.09, Drawdown_State: 0.07"
2025-07-17 14:00:00,GBPUSD,640.0,94.9,"Losing_Streak: 0.12, RR Ratio: 0.09, Drawdown_State: 0.07"
2025-07-22 09:18:00,GBPUSD,34.0,58.0,"Losing_Streak: 0.12, RR Ratio: -0.10, Drawdown_State: 0.08"
2025-07-23 14:59:00,GBPUSD,-0.0,70.6,"Revenge_Timer: 0.09, RR Ratio: 0.09, Hour_Decimal: -0.06"
2025-07-23 15:12:00,GBPUSD,220.0,76.9,"Losing_Streak: -0.17, RR Ratio: 0.14, Drawdown_State: 0.10"
2025-08-12 09:24:00,GBPUSD,500.0,75.6,"Drawdown_State: 0.12, Revenge_Timer: -0.08, RR Ratio: 0.06"
2025-08-12 11:58:00,GBPUSD,440.0,82.9,"Losing_Streak: 0.13, Drawdown_State: 0.10, Revenge_Timer: -0.06"
2025-08-12 12:17:00,GBPUSD,300.0,83.5,"Losing_Streak: 0.12, RR Ratio: -0.11, Drawdown_State: 0.08"
2025-08-14 08:53:00,GBPUSD,600.0,92.2,"Revenge_Timer: 0.12, RR Ratio: 0.07, Losing_Streak: 0.06"
2025-08-14 08:58:00,GBPUSD,420.0,92.4,"Revenge_Timer: 0.13, RR Ratio: 0.06, Drawdown_State: 0.05"
2025-08-14 08:58:00,GBPUSD,420.0,85.4,"Losing_Streak: 0.14, Revenge_Timer: 0.05, Drawdown_State: 0.05"
2025-08-14 09:08:00,GBPUSD,440.0,95.4,"Losing_Streak: 0.11, Revenge_Timer: 0.08, RR Ratio: 0.07"
2025-08-14 09:08:00,GBPUSD,440.0,87.3,"Losing_Streak: 0.13, Drawdown_State: 0.06, Revenge_Timer: 0.05"
2025-08-14 09:42:00,GBPUSD,460.0,87.1,"Losing_Streak: 0.14, Drawdown_State: 0.08, RR Ratio: 0.07"
2025-08-14 09:42:00,GBPUSD,460.0,96.7,"Losing_Streak: 0.12, RR Ratio: 0.08, Revenge_Timer: 0.06"
2025-08-14 09:44:00,GBPUSD,540.0,97.0,"Losing_Streak: 0.13, RR Ratio: 0.07, Revenge_Timer: 0.06"
2025-08-14 09:44:00,GBPUSD,540.0,96.7,"Losing_Streak: 0.12, RR Ratio: 0.08, Revenge_Timer: 0.06"
2025-08-14 10:05:00,GBPUSD,400.0,87.9,"Losing_Streak: 0.13, Drawdown_State: 0.08, Lot_Deviation: 0.04"
2025-08-14 10:05:00,GBPUSD,400.0,83.6,"Losing_Streak: 0.15, RR Ratio: -0.10, Drawdown_State: 0.07"
2025-08-15 10:41:00,GBPUSD,580.0,82.4,"Losing_Streak: 0.14, Drawdown_State: 0.08, Revenge_Timer: -0.04"
2025-08-15 10:41:00,GBPUSD,580.0,95.1,"Losing_Streak: 0.12, RR Ratio: 0.09, Revenge_Timer: 0.06"
2025-08-15 10:46:00,EURUSD,40.0,95.8,"Losing_Streak: 0.11, RR Ratio: 0.08, Revenge_Timer: 0.08"
2025-08-15 10:46:00,EUROUSD,40.0,87.9,"Losing_Streak: 0.14, Drawdown_State: 0.07, Revenge_Timer: 0.05"
2025-08-15 11:00:00,GBPUSD,20.0,81.1,"Losing_Streak: 0.14, RR Ratio: -0.12, Drawdown_State: 0.08"
2025-08-15 11:00:00,GBPUSD,20.0,87.3,"Losing_Streak: 0.13, Drawdown_State: 0.07, Revenge_Timer: 0.05"
2025-08-16 07:51:00,EURUSD,40.0,73.1,"Losing_Streak: 0.13, RR Ratio: -0.10, Drawdown_State: 0.10"
2025-08-16 07:51:00,EUROUSD,40.0,84.8,"Losing_Streak: 0.13, Drawdown_State: 0.07, Revenge_Timer: 0.04"
2025-08-16 07:57:00,EURUSD,620.0,94.2,"Losing_Streak: 0.10, RR Ratio: 0.08, Revenge_Timer: 0.08"
2025-08-16 07:57:00,GBPUSD,240.0,84.8,"Losing_Streak: 0.12, Drawdown_State: 0.07, Revenge_Timer: 0.04"
2025-08-16 07:57:00,EUROUSD,620.0,92.9,"Losing_Streak: 0.11, RR Ratio: 0.07, Drawdown_State: 0.07"
2025-08-16 07:57:00,GBPUSD,240.0,93.4,"Losing_Streak: 0.10, RR Ratio: 0.09, Drawdown_State: 0.07"
2025-08-16 08:03:00,GBPUSD,160.0,89.1,"RR Ratio: 0.08, Revenge_Timer: 0.08, Drawdown_State: 0.07"
2025-08-16 08:03:00,EURUSD,-100.0,57.9,"RR Ratio: -0.16, Drawdown_State: 0.06, Losing_Streak: 0.05"
2025-08-16 08:03:00,EUROUSD,-100.0,77.5,"Drawdown_State: 0.08, Revenge_Timer: 0.06, Losing_Streak: 0.04"
2025-08-16 08:04:00,GBPUSD,20.0,73.1,"RR Ratio: -0.11, Drawdown_State: 0.08, Revenge_Timer: 0.07"
2025-08-19 14:15:00,GBPUSD,100.0,73.6,"Losing_Streak: 0.12, Drawdown_State: 0.11, Revenge_Timer: -0.05"
2025-08-19 14:20:00,GBPUSD,740.0,79.9,"Losing_Streak: 0.12, Drawdown_State: 0.08, Revenge_Timer: 0.08"
2025-08-21 10:21:00,GBPUSD,780.0,86.2,"Losing_Streak: 0.10, RR Ratio: 0.09, Drawdown_State: 0.09"
2025-08-21 10:25:00,GBPUSD,500.0,82.0,"Losing_Streak: 0.13, RR Ratio: -0.09, Revenge_Timer: 0.08"
2025-08-21 10:27:00,GBPUSD,480.0,96.0,"Losing_Streak: 0.11, RR Ratio: 0.10, Drawdown_State: 0.06"
2025-08-21 10:36:00,GBPUSD,520.0,83.4,"Losing_Streak: 0.13, Revenge_Timer: 0.07, Drawdown_State: 0.07"
2025-08-21 10:36:00,GBPUSD,540.0,81.2,"Losing_Streak: 0.14, RR Ratio: -0.07, Drawdown_State: 0.07"
2025-08-23 08:55:00,GBPUSD,800.0,85.1,"Losing_Streak: 0.10, Drawdown_State: 0.09, RR Ratio: 0.09"
2025-08-23 08:56:00,GBPUSD,680.0,95.1,"Losing_Streak: 0.11, RR Ratio: 0.09, Drawdown_State: 0.07"
2025-08-23 12:26:00,GBPUSD,480.0,73.7,"Drawdown_State: 0.22, Losing_Streak: -0.19, RR Ratio: 0.13"
2025-08-23 12:27:00,GBPUSD,640.0,94.8,"RR Ratio: 0.10, Revenge_Timer: 0.09, Drawdown_State: 0.09"
2025-08-27 15:42:00,EUROUSD,700.0,82.3,"Losing_Streak: -0.20, Drawdown_State: 0.16, RR Ratio: 0.15"
2025-08-27 15:42:00,EUROUSD,740.0,91.5,"Revenge_Timer: 0.10, RR Ratio: 0.10, Drawdown_State: 0.10"
2025-08-27 15:49:00,GBPUSD,380.0,74.0,"RR Ratio: -0.12, Revenge_Timer: 0.11, Drawdown_State: 0.09"
2025-08-28 10:30:00,GBPUSD,720.0,84.8,"Losing_Streak: 0.10, Drawdown_State: 0.09, RR Ratio: 0.09"
2025-08-30 10:31:00,GBPUSD,320.0,83.4,"RR Ratio: 0.10, Losing_Streak: 0.09, Drawdown_State: 0.08"
2025-09-06 11:08:00,GBPUSD,520.0,74.4,"Drawdown_State: 0.21, Losing_Streak: -0.19, RR Ratio: 0.13"
2025-09-09 14:33:00,GBPUSD,480.0,76.5,"Drawdown_State: 0.15, RR Ratio: 0.09, Revenge_Timer: -0.06"
2025-09-11 10:59:00,GBPUSD,660.0,81.8,"Drawdown_State: 0.14, RR Ratio: 0.09, Revenge_Timer: -0.05"
2025-09-12 13:16:00,GBPUSD,600.0,87.1,"RR Ratio: 0.10, Drawdown_State: 0.10, Losing_Streak: 0.09"
2025-09-17 10:37:00,GBPUSD,-0.0,76.2,"Revenge_Timer: -0.10, RR Ratio: 0.09, Losing_Streak: 0.08"
2025-09-17 11:24:00,GBPUSD,2.7,74.3,"Drawdown_State: 0.21, Losing_Streak: -0.18, RR Ratio: 0.13"
2025-09-19 09:26:00,GBPUSD,3.0,82.6,"Drawdown_State: 0.14, RR Ratio: 0.08, Revenge_Timer: -0.05"
2025-09-20 10:32:00,GBPUSD,2.6,82.0,"Drawdown_State: 0.14, RR Ratio: 0.09, Revenge_Timer: -0.06"
2025-09-24 09:02:00,GBPUSD,640.0,73.8,"Losing_Streak: 0.13, RR Ratio: -0.12, Drawdown_State: 0.06"
2025-09-24 09:02:00,GBPUSD,-16.3,70.3,"RR Ratio: -0.14, Losing_Streak: 0.13, Revenge_Timer: 0.06"
2025-09-25 09:43:00,GBPUSD,1440.0,66.3,"Losing_Streak: -0.16, Drawdown_State: 0.14, Lot_Deviation: 0.09"
2025-09-25 09:43:00,GBPUSD,3.6,91.4,"Revenge_Timer: 0.09, RR Ratio: 0.08, Drawdown_State: 0.07"
2025-09-25 09:55:00,GBPUSD,540.0,78.8,"Revenge_Timer: 0.10, RR Ratio: -0.10, Losing_Streak: 0.08"
2025-09-25 09:55:00,GBPUSD,540.0,77.8,"Losing_Streak: 0.14, RR Ratio: -0.12, Revenge_Timer: 0.06"
2025-09-25 09:55:00,GBPUSD,2.7,95.3,"Losing_Streak: 0.11, RR Ratio: 0.09, Revenge_Timer: 0.06"
2025-09-25 10:09:00,GBPUSD,520.0,79.6,"Losing_Streak: 0.13, RR Ratio: -0.11, Revenge_Timer: 0.08"
2025-09-25 10:09:00,GBPUSD,520.0,77.7,"Losing_Streak: 0.15, RR Ratio: -0.12, Revenge_Timer: 0.06"
2025-09-25 10:09:00,GBPUSD,2.6,95.7,"Losing_Streak: 0.12, RR Ratio: 0.09, Revenge_Timer: 0.06"
2025-09-27 09:43:00,GBPUSD,600.0,85.5,"Losing_Streak: 0.11, Drawdown_State: 0.08, RR Ratio: 0.08"
2025-09-27 09:43:00,GBPUSD,600.0,96.0,"Losing_Streak: 0.13, RR Ratio: 0.08, Drawdown_State: 0.07"
2025-09-27 09:43:00,GBPUSD,3.0,96.0,"Losing_Streak: 0.12, RR Ratio: 0.09, Revenge_Timer: 0.06"
2025-09-27 09:45:00,GBPUSD,500.0,84.4,"Losing_Streak: 0.14, Revenge_Timer: 0.08, Drawdown_State: 0.07"
2025-09-27 09:45:00,GBPUSD,2.5,95.0,"Losing_Streak: 0.12, RR Ratio: 0.09, Revenge_Timer: 0.06"
2025-09-27 09:45:00,GBPUSD,500.0,79.5,"Losing_Streak: 0.14, RR Ratio: -0.07, Drawdown_State: 0.05"
2025-10-01 08:45:00,GBPUSD,-0.0,39.0,"Losing_Streak: -0.22, Drawdown_State: 0.12, RR Ratio: -0.09"
2025-10-01 08:45:00,GBPUSD,0.1,31.8,"Losing_Streak: -0.30, Drawdown_State: 0.10, RR Ratio: -0.09"
2025-10-02 09:03:00,GBPUSD,3.1,76.3,"RR Ratio: -0.10, Losing_Streak: 0.08, Drawdown_State: 0.08"
2025-10-02 09:03:00,GBPUSD,3.0,78.5,"Losing_Streak: 0.14, RR Ratio: -0.11, Drawdown_State: 0.08"
2025-10-02 10:02:00,GBPUSD,3.1,86.9,"Losing_Streak: 0.11, Drawdown_State: 0.10, RR Ratio: 0.09"
2025-10-02 10:02:00,GBPUSD,3.0,95.7,"Losing_Streak: 0.11, RR Ratio: 0.09, Drawdown_State: 0.07"
2025-10-02 10:12:00,GBPUSD,2.0,96.5,"Losing_Streak: 0.10, RR Ratio: 0.09, Revenge_Timer: 0.07"
2025-10-02 10:12:00,GBPUSD,1.9,96.2,"Losing_Streak: 0.11, RR Ratio: 0.09, Drawdown_State: 0.07"
2025-10-02 10:15:00,GBPUSD,2.6,97.0,"Losing_Streak: 0.10, RR Ratio: 0.09, Revenge_Timer: 0.08"
2025-10-09 10:40:00,GBPUSD,620.0,77.5,"Losing_Streak: -0.23, Drawdown_State: 0.15, RR Ratio: 0.14"
2025-10-09 10:40:00,GBPUSD,600.0,94.2,"RR Ratio: 0.09, Drawdown_State: 0.09, Revenge_Timer: 0.09"
2025-10-09 10:41:00,GBPUSD,420.0,94.2,"RR Ratio: 0.09, Drawdown_State: 0.09, Revenge_Timer: 0.09"
2025-10-17 09:00:00,GBPUSD,300.0,78.2,"Drawdown_State: 0.09, Revenge_Timer: -0.09, Losing_Streak: 0.08"
2025-10-17 09:00:00,GBPUSD,290.0,93.8,"Losing_Streak: 0.10, RR Ratio: 0.09, Drawdown_State: 0.07"
2025-10-22 08:59:00,GBPUSD,600.0,92.1,"Revenge_Timer: 0.10, RR Ratio: 0.08, Drawdown_State: 0.08"
2025-10-22 08:59:00,GBPUSD,580.0,92.2,"Revenge_Timer: 0.09, RR Ratio: 0.08, Drawdown_State: 0.08"
2025-10-24 10:07:00,GBPUSD,860.0,86.4,"Losing_Streak: 0.11, Drawdown_State: 0.09, RR Ratio: 0.09"
2025-10-24 10:07:00,GBPUSD,800.0,95.5,"Losing_Streak: 0.11, RR Ratio: 0.09, Drawdown_State: 0.06"
2025-10-24 10:07:00,GBPUSD,880.0,95.5,"Losing_Streak: 0.12, RR Ratio: 0.09, Drawdown_State: 0.06"
2025-10-25 09:38:00,GBPUSD,620.0,86.0,"Losing_Streak: 0.12, RR Ratio: 0.09, Drawdown_State: 0.08"
2025-10-25 09:38:00,GBPUSD,600.0,96.2,"Losing_Streak: 0.12, RR Ratio: 0.09, Drawdown_State: 0.07"
2025-10-25 09:38:00,GBPUSD,540.0,96.2,"Losing_Streak: 0.12, RR Ratio: 0.09, Drawdown_State: 0.07"
2025-10-25 09:39:00,GBPUSD,340.0,81.8,"Losing_Streak: 0.15, RR Ratio: -0.11, Drawdown_State: 0.07"
2025-10-25 09:39:00,GBPUSD,380.0,81.8,"Losing_Streak: 0.15, RR Ratio: -0.11, Revenge_Timer: 0.07"
2025-10-25 09:42:00,GBPUSD,100.0,83.2,"Losing_Streak: 0.13, RR Ratio: -0.12, Revenge_Timer: 0.10"
2025-10-25 09:42:00,GBPUSD,160.0,80.7,"Losing_Streak: 0.15, RR Ratio: -0.12, Drawdown_State: 0.07"
2025-10-25 09:42:00,GBPUSD,140.0,80.4,"Losing_Streak: 0.15, RR Ratio: -0.12, Drawdown_State: 0.07"
2025-10-29 09:34:00,GBPUSD,480.0,83.7,"Losing_Streak: 0.10, Drawdown_State: 0.08, RR Ratio: 0.08"
2025-10-29 09:34:00,GBPUSD,600.0,94.6,"Losing_Streak: 0.10, RR Ratio: 0.09, Drawdown_State: 0.07"
2025-10-30 12:29:00,GBPUSD,480.0,87.1,"Losing_Streak: 0.10, Drawdown_State: 0.09, RR Ratio: 0.09"
2025-10-30 12:29:00,GBPUSD,460.0,95.6,"Losing_Streak: 0.11, RR Ratio: 0.10, Drawdown_State: 0.07"
2025-10-30 12:37:00,GBPUSD,920.0,96.1,"RR Ratio: 0.10, Losing_Streak: 0.09, Revenge_Timer: 0.08"
2025-10-30 12:37:00,GBPUSD,900.0,95.6,"Losing_Streak: 0.10, RR Ratio: 0.10, Drawdown_State: 0.07"
2025-10-30 13:37:00,GBPUSD,860.0,86.4,"Losing_Streak: 0.11, RR Ratio: 0.10, Drawdown_State: 0.09"
2025-10-30 14:37:00,GBPUSD,860.0,85.4,"Losing_Streak: 0.11, RR Ratio: 0.10, Drawdown_State: 0.10"
2025-11-04 14:02:00,GBPUSD,480.0,80.2,"RR Ratio: 0.09, Losing_Streak: 0.09, Drawdown_State: 0.08"
2025-11-04 14:02:00,GBPUSD,320.0,95.2,"RR Ratio: 0.10, Losing_Streak: 0.10, Drawdown_State: 0.07"
2025-11-08 10:52:00,GBPUSD,-0.0,67.4,"Revenge_Timer: -0.08, RR Ratio: 0.07, Drawdown_State: 0.06"
2025-11-13 10:23:00,GBPUSD,600.0,74.9,"Drawdown_State: 0.20, Losing_Streak: -0.17, RR Ratio: 0.13"
2025-11-13 10:27:00,GBPUSD,140.0,95.4,"Revenge_Timer: 0.11, RR Ratio: 0.09, Drawdown_State: 0.08"
2025-11-28 08:48:00,GBPUSD,240.0,77.9,"Drawdown_State: 0.20, Losing_Streak: -0.16, RR Ratio: 0.12"
2025-11-28 08:48:00,GBPUSD,460.0,92.8,"RR Ratio: 0.09, Drawdown_State: 0.09, Revenge_Timer: 0.08"
2025-11-29 09:21:00,GBPUSD,340.0,61.1,"RR Ratio: -0.10, Drawdown_State: 0.10, Revenge_Timer: -0.06"
2025-11-29 09:21:00,EUROUSD,-3260.0,71.9,"RR Ratio: -0.14, Losing_Streak: 0.13, Revenge_Timer: 0.06"
2025-12-02 09:31:00,EUROUSD,500.0,83.4,"Drawdown_State: 0.08, Revenge_Timer: 0.07, Losing_Streak: 0.06"
2025-12-02 09:31:00,GBPUSD,600.0,95.0,"Drawdown_State: 0.09, Revenge_Timer: 0.09, RR Ratio: 0.09"
2025-12-02 09:31:00,EUROUSD,500.0,95.0,"Losing_Streak: 0.11, RR Ratio: 0.09, Drawdown_State: 0.07"
2025-12-02 09:50:00,EUROUSD,-0.0,86.4,"Losing_Streak: 0.10, RR Ratio: 0.08, Drawdown_State: 0.07"
2025-12-03 08:55:00,GBPUSD,280.0,80.9,"Drawdown_State: 0.08, Revenge_Timer: 0.07, Losing_Streak: 0.06"
2025-12-03 08:55:00,EUROUSD,560.0,92.6,"RR Ratio: 0.09, Drawdown_State: 0.09, Revenge_Timer: 0.08"
2025-12-03 08:55:00,GBPUSD,280.0,93.8,"Losing_Streak: 0.10, RR Ratio: 0.09, Drawdown_State: 0.07"
2025-12-13 13:39:00,GBPUSD,500.0,83.6,"Revenge_Timer: 0.17, RR Ratio: 0.09, Drawdown_State: -0.08"
2025-12-16 09:58:00,EUROUSD,-0.0,72.0,"Losing_Streak: 0.15, RR Ratio: 0.09, Drawdown_State: -0.07"
2025-12-16 10:28:00,GBPUSD,580.0,87.9,"Revenge_Timer: 0.18, RR Ratio: 0.08, Drawdown_State: -0.06"
2025-12-16 10:31:00,GBPUSD,5.0,60.6,"Losing_Streak: -0.20, Drawdown_State: -0.16, Revenge_Timer: 0.14"
2025-12-17 09:27:00,GBPUSD,500.0,73.1,"Losing_Streak: 0.17, RR Ratio: 0.09, Revenge_Timer: -0.09"
2025-12-17 09:28:00,GBPUSD,480.0,92.1,"Losing_Streak: 0.14, RR Ratio: 0.09, Revenge_Timer: 0.09"
2025-12-17 09:31:00,GBPUSD,500.0,93.9,"Losing_Streak: 0.15, Revenge_Timer: 0.11, RR Ratio: 0.09"
2025-12-18 08:22:00,GBPUSD,480.0,73.8,"Losing_Streak: 0.19, Revenge_Timer: -0.09, RR Ratio: 0.08"
2025-12-18 09:20:00,GBPUSD,200.0,75.9,"Revenge_Timer: 0.16, RR Ratio: -0.08, Losing_Streak: 0.08"
2025-12-19 08:41:00,GBPUSD,135.0,80.7,"Revenge_Timer: 0.18, RR Ratio: 0.08, Lot_Deviation: -0.04"
2025-12-20 09:30:00,GBPUSD,500.0,84.1,"Losing_Streak: 0.15, RR Ratio: 0.11, Revenge_Timer: -0.06"
2025-12-23 09:06:00,GBPUSD,700.0,79.8,"Losing_Streak: 0.13, RR Ratio: 0.09, Revenge_Timer: -0.06"
2025-12-24 06:45:00,GBPUSD,500.0,80.0,"Revenge_Timer: 0.15, RR Ratio: 0.07, Drawdown_State: -0.06"
2025-12-24 09:21:00,GBPUSD,125.0,86.1,"Losing_Streak: 0.13, Revenge_Timer: 0.11, RR Ratio: 0.09"
2025-12-24 09:26:00,GBPUSD,520.0,92.3,"Losing_Streak: 0.14, Revenge_Timer: 0.10, RR Ratio: 0.08"
2025-12-24 09:40:00,GBPUSD,400.0,94.3,"Losing_Streak: 0.15, Revenge_Timer: 0.08, RR Ratio: 0.08"
2025-12-30 09:19:00,GBPUSD,2.5,78.2,"Losing_Streak: 0.17, RR Ratio: 0.09, Revenge_Timer: -0.08"
2025-12-30 09:57:00,GBPUSD,0.1,81.9,"Losing_Streak: 0.18, RR Ratio: 0.10, Revenge_Timer: -0.08"
2025-12-30 10:05:00,GBPUSD,2.6,95.6,"Losing_Streak: 0.14, RR Ratio: 0.10, Revenge_Timer: 0.09"
2025-12-30 10:43:00,GBPUSD,3.0,82.1,"Losing_Streak: 0.19, RR Ratio: 0.10, Revenge_Timer: -0.08"
2025-12-31 08:29:00,GBPUSD,4.1,79.5,"Losing_Streak: 0.19, RR Ratio: 0.09, Revenge_Timer: -0.08"
2025-12-31 08:30:00,GBPUSD,3.0,93.1,"Losing_Streak: 0.15, RR Ratio: 0.09, Revenge_Timer: 0.08"
2025-12-31 08:35:00,GBPUSD,2.8,94.0,"Losing_Streak: 0.15, Revenge_Timer: 0.10, RR Ratio: 0.09"
2025-12-31 08:40:00,EUROUSD,1.0,87.5,"Losing_Streak: 0.13, Revenge_Timer: 0.11, RR Ratio: 0.09"
2025-12-31 08:58:00,GBPUSD,2.1,90.8,"Losing_Streak: 0.16, RR Ratio: 0.09, Revenge_Timer: 0.05"
